Registration No,Name,Preferred Course,UTME,Post-UTME,English,Maths,Physics,Chemistry,Biology,Agric,Civic Education,Geography,Economics,Government,Literature,admitted_department
REG2025_0001,Debra Johnson,Animal and Environmental Biology,224,43,B3,C5,E8,F9,F9,C6,C4,C6,C6,D7,B2,-
REG2025_0002,Toby Phillips,Animal and Environmental Biology,183,38,B3,C6,B2,D7,C4,A1,B3,D7,F9,E8,D7,-
REG2025_0003,Raymond Thomas,Plant Science and Biotechnology,213,92,B2,C5,A1,C6,A1,D7,E8,A1,C5,A1,B2,Industrial Chemistry
REG2025_0004,Dr Howard Evans,Microbiology,247,66,B2,C4,C4,E8,C4,B3,A1,D7,B3,C4,F9,Applied Physics
REG2025_0005,Reece Harrison,Physics,264,90,C5,C6,B3,C4,C5,B2,C6,C4,D7,F9,A1,Computer Science
REG2025_0006,Rita Booth,Animal and Environmental Biology,282,41,B3,A1,D7,B2,A1,A1,C6,B2,A1,B2,A1,-
REG2025_0007,Mr Karl Walsh,Biochemistry,193,88,C4,C4,C6,D7,C5,B2,A1,B2,C4,E8,C6,-
REG2025_0008,Alice Palmer,Plant Science and Biotechnology,258,64,C6,A1,B2,D7,C4,B3,C6,F9,F9,C4,C4,Mathematics and Statistics
REG2025_0009,Mr Timothy Boyle,Microbiology,220,87,A1,B2,D7,C5,B3,A1,C6,D7,C5,F9,C5,Physics
REG2025_0010,Rachel Hammond,Applied Physics,165,50,C6,C6,D7,B3,F9,A1,C4,B3,D7,A1,B2,-
REG2025_0011,Bernard Ellis,Mathematics and Statistics,241,71,C5,C5,B3,A1,C4,C4,A1,C4,E8,A1,C6,Microbiology
REG2025_0012,Benjamin Yates,Applied Physics,238,70,B2,B3,C6,C5,C6,C5,E8,C4,C5,B2,F9,Microbiology
REG2025_0013,Mr Kieran Taylor,Plant Science and Biotechnology,192,97,C6,B2,C4,A1,F9,E8,B3,F9,C5,F9,B3,-
REG2025_0014,Ms Ruth Walker,Biochemistry,271,91,C6,C5,B2,E8,C6,C4,B2,C6,C4,B2,E8,Computer Science
REG2025_0015,Frank Smith,Animal and Environmental Biology,153,54,A1,C5,B3,E8,F9,B2,C6,C4,A1,D7,C6,-
REG2025_0016,Kerry Ward,Applied Physics,175,59,B3,C6,B2,C4,B3,B3,C6,A1,B3,C5,B3,-
REG2025_0017,Mr Joshua Spencer,Biochemistry,191,43,C6,B3,C4,B2,A1,B2,C5,C4,B2,B3,B2,-
REG2025_0018,Rita Butcher,Animal and Environmental Biology,190,72,C6,C4,C5,D7,C4,B3,F9,C4,D7,C6,F9,-
REG2025_0019,Dr Emily Carpenter,Microbiology,257,32,A1,C5,C5,D7,B2,E8,C6,D7,E8,A1,E8,-
REG2025_0020,Gary Fox,Physics,269,53,C5,B3,F9,C4,C6,C6,C6,D7,E8,B3,B3,-
REG2025_0021,Frank Walker,Plant Science and Biotechnology,170,80,C5,A1,C6,C4,D7,A1,B2,C6,C6,B2,B3,-
REG2025_0022,Leonard Iqbal,Mathematics and Statistics,156,74,C4,C6,C6,A1,A1,E8,C4,C4,C4,F9,B3,-
REG2025_0023,Geraldine Smith,Plant Science and Biotechnology,217,82,C6,C5,C4,D7,F9,C5,A1,C4,C4,F9,D7,Applied Physics
REG2025_0024,Dr Leslie Thomas,Applied Physics,224,33,C6,C5,E8,E8,B2,B2,B3,A1,E8,A1,B2,-
REG2025_0025,Tony Jones,Industrial Chemistry,220,100,C5,A1,E8,F9,B2,C5,A1,A1,B2,C5,C4,Physics
REG2025_0026,Raymond Andrews-Cross,Computer Science,194,93,C4,B2,C5,D7,C4,B2,C6,A1,D7,C6,D7,-
REG2025_0027,Damian White-Hawkins,Industrial Chemistry,217,50,C6,C4,C4,C6,A1,B3,D7,C4,B2,E8,B2,-
REG2025_0028,Lucy Watts,Industrial Chemistry,268,55,C4,C5,B2,B3,C5,E8,B3,A1,F9,D7,C4,-
REG2025_0029,Craig Fletcher-Newton,Industrial Chemistry,192,52,C5,C6,A1,B3,C6,B2,C6,D7,C5,E8,B3,-
REG2025_0030,Margaret Haynes,Applied Physics,232,85,C6,C6,D7,E8,E8,C5,C4,C6,C6,D7,B2,-
REG2025_0031,Stacey Morris,Mathematics and Statistics,187,41,C6,A1,C5,B3,B2,F9,C6,A1,E8,C6,C4,-
REG2025_0032,Josephine Parker,Physics,182,53,B3,B3,D7,C4,C6,C6,E8,B3,B3,C4,C5,-
REG2025_0033,Adam Palmer,Industrial Chemistry,299,62,A1,C4,F9,B3,B3,D7,F9,C4,C6,C5,A1,Animal and Environmental Biology
REG2025_0034,Paul Oliver,Mathematics and Statistics,300,55,A1,C4,F9,A1,C4,B2,B2,B3,C5,E8,E8,-
REG2025_0035,Raymond Clayton,Microbiology,296,32,A1,C5,D7,B3,E8,B2,B3,D7,B3,C5,C6,-
REG2025_0036,Phillip Miller,Industrial Chemistry,151,68,B3,C4,C6,F9,C4,C5,B2,C6,B2,D7,A1,-
REG2025_0037,Dr Alex Morris,Microbiology,196,72,A1,B2,F9,C5,B3,C5,F9,D7,D7,A1,A1,-
REG2025_0038,Judith Morgan,Computer Science,292,72,B3,C6,E8,B2,D7,D7,F9,F9,B3,C4,B2,-
REG2025_0039,Justin Shepherd,Plant Science and Biotechnology,224,98,C6,C6,F9,B3,A1,B3,C5,F9,C6,B3,B3,Physics
REG2025_0040,Mr David Little,Physics,153,56,C5,A1,F9,F9,F9,B3,D7,B2,C5,B3,A1,-
REG2025_0041,Amelia Watts,Plant Science and Biotechnology,184,37,C4,C5,B3,B3,C6,B2,C4,C4,B2,B2,C5,-
REG2025_0042,Declan Read,Animal and Environmental Biology,204,56,C4,B3,D7,A1,B2,C6,F9,B3,C6,C6,A1,-
REG2025_0043,Colin Price,Plant Science and Biotechnology,219,86,C4,C4,F9,E8,C4,B2,A1,C6,C6,B2,C5,Applied Physics
REG2025_0044,Eleanor Brown,Animal and Environmental Biology,177,77,C4,C6,C6,C4,C5,A1,C4,C6,C6,C4,E8,-
REG2025_0045,Mrs Chelsea Nelson,Mathematics and Statistics,220,100,A1,B2,C6,A1,B3,D7,A1,E8,C5,C4,B2,Physics
REG2025_0046,Sylvia Smith,Animal and Environmental Biology,231,44,C6,A1,B3,A1,F9,C5,C5,C5,F9,C6,D7,-
REG2025_0047,Mr Christian Taylor,Computer Science,186,59,C6,C4,B3,A1,C6,C4,E8,C5,F9,D7,C4,-
REG2025_0048,June Nolan,Applied Physics,152,43,B2,C6,C5,B2,C4,C6,C5,D7,A1,C4,A1,-
REG2025_0049,Nathan Marshall-Newton,Biochemistry,219,47,C4,A1,C4,C5,B3,B2,F9,C4,C6,B3,C6,-
REG2025_0050,Hilary Robinson,Animal and Environmental Biology,221,87,C5,B2,C6,B3,C6,F9,C4,A1,D7,B3,F9,Physics
REG2025_0051,Danielle May-Kemp,Physics,269,44,A1,C4,E8,D7,B2,C6,C6,C5,A1,B3,B3,-
REG2025_0052,Diane Howell,Physics,161,83,B2,B2,A1,F9,F9,C5,B3,A1,B3,D7,E8,-
REG2025_0053,Andrew Green,Computer Science,293,40,B2,A1,C5,F9,A1,D7,D7,C5,C4,A1,F9,-
REG2025_0054,Miss Mary Lewis,Animal and Environmental Biology,166,98,C6,B2,D7,E8,C5,C6,C5,F9,C5,B3,E8,-
REG2025_0055,Shannon Baker,Physics,173,31,B2,C6,C5,B3,B2,B3,C4,F9,E8,C5,D7,-
REG2025_0056,Reece McCarthy,Physics,218,69,B3,B3,C5,B2,B2,F9,F9,C5,B2,C4,C6,Applied Physics
REG2025_0057,Carolyn Hall,Industrial Chemistry,264,64,C4,C4,C5,C6,A1,F9,C4,A1,C5,A1,F9,Mathematics and Statistics
REG2025_0058,Eric Gibson,Physics,247,42,C4,C4,B3,B3,A1,B3,D7,B2,C6,B3,E8,-
REG2025_0059,June Russell,Applied Physics,293,92,A1,B3,E8,C4,A1,E8,F9,F9,F9,C5,F9,Computer Science
REG2025_0060,Miss Sarah Simpson,Plant Science and Biotechnology,198,47,C4,C5,A1,B2,A1,B2,B3,F9,B3,C5,B3,-
REG2025_0061,Darren Chan,Physics,268,82,C5,C6,C6,C6,C4,A1,B2,A1,D7,D7,A1,Computer Science
REG2025_0062,Tracy Cameron,Applied Physics,170,61,A1,B2,A1,A1,C6,B3,E8,D7,C6,C4,C6,-
REG2025_0063,Frances Woodward-Jones,Computer Science,212,58,A1,C4,A1,B3,E8,A1,D7,D7,D7,C6,C5,-
REG2025_0064,Louise Tyler-Murphy,Mathematics and Statistics,200,99,B2,A1,F9,A1,B2,C6,C6,C5,E8,A1,E8,Plant Science and Biotechnology
REG2025_0065,Joshua Faulkner-Graham,Industrial Chemistry,167,72,C5,C5,C6,E8,E8,C4,C6,B3,C6,B2,E8,-
REG2025_0066,Kim Kemp-Stephens,Physics,283,97,A1,B2,F9,A1,E8,A1,E8,D7,C6,B2,A1,Computer Science
REG2025_0067,Dr Owen Gill,Industrial Chemistry,251,77,C4,C4,C6,B3,B3,B2,D7,D7,B3,A1,C4,Computer Science
REG2025_0068,Janice Price,Animal and Environmental Biology,225,62,A1,C6,F9,C6,A1,F9,B2,C5,C6,E8,C4,Animal and Environmental Biology
REG2025_0069,Charlotte Hanson,Computer Science,279,78,C5,C4,E8,C5,C4,C4,C4,C4,B3,E8,C5,Computer Science
REG2025_0070,Fiona Hall,Animal and Environmental Biology,264,91,B3,C6,E8,D7,F9,C6,C6,B2,C5,C5,C5,-
REG2025_0071,Dr Julia Fry,Industrial Chemistry,275,79,C4,A1,B2,C6,D7,B3,B2,F9,C6,E8,C5,Computer Science
REG2025_0072,Marie Hancock,Mathematics and Statistics,236,43,C6,C4,E8,C5,C5,E8,A1,B3,C5,F9,C6,-
REG2025_0073,Patrick Hall,Plant Science and Biotechnology,179,68,C6,B3,B2,D7,B2,C6,A1,E8,F9,E8,F9,-
REG2025_0074,Rosie Cunningham-Kelly,Biochemistry,286,89,C6,B3,C5,B3,C6,C6,B2,B3,E8,B3,D7,Computer Science
REG2025_0075,Beverley Ward,Computer Science,232,66,C6,C5,D7,B3,C4,C5,F9,C6,D7,C4,D7,Applied Physics
REG2025_0076,Leanne Matthews,Mathematics and Statistics,223,92,C4,C6,E8,C5,A1,D7,B3,C6,B3,F9,E8,Physics
REG2025_0077,Kathleen Patel,Applied Physics,160,51,A1,C6,A1,E8,D7,B3,E8,F9,B2,C5,F9,-
REG2025_0078,Lynne Marsh,Biochemistry,287,78,B3,B2,F9,C5,C5,B2,A1,E8,E8,C6,F9,Computer Science
REG2025_0079,Edward Osborne,Animal and Environmental Biology,202,65,B2,B2,B2,B2,B2,A1,B3,D7,A1,C5,C5,Plant Science and Biotechnology
REG2025_0080,Lee Green,Industrial Chemistry,150,97,C4,A1,C5,D7,B3,C6,C4,C4,B2,C5,C6,-
REG2025_0081,William Akhtar,Computer Science,157,53,C4,B2,A1,E8,E8,C5,B2,B2,A1,B3,E8,-
REG2025_0082,George Smith,Biochemistry,294,39,A1,C4,D7,C5,C5,B2,E8,D7,C5,B2,A1,-
REG2025_0083,Mr Derek Johnson,Animal and Environmental Biology,167,87,C5,C5,F9,C4,B2,C6,C5,C4,D7,B3,C4,-
REG2025_0084,Mohammad Davies,Microbiology,242,70,C5,C5,B3,C4,B2,C6,C4,F9,A1,C5,C6,Microbiology
REG2025_0085,Dr Jane Shaw,Physics,289,67,C6,C5,A1,D7,C5,C6,D7,D7,A1,E8,C6,Applied Physics
REG2025_0086,Carole Murphy,Industrial Chemistry,216,94,B2,C6,C6,B2,A1,A1,A1,E8,C6,F9,C6,Applied Physics
REG2025_0087,Kimberley Thompson,Animal and Environmental Biology,231,68,C5,C6,B2,C6,F9,B3,C5,F9,B2,C4,B3,Physics
REG2025_0088,Dr Reece Davidson,Biochemistry,233,90,B3,A1,F9,C4,C6,C6,B3,C4,B3,E8,A1,Microbiology
REG2025_0089,Dorothy Mitchell,Microbiology,290,40,A1,C6,C4,C4,F9,B3,A1,F9,C4,E8,C4,-
REG2025_0090,Dr Elliot Smith,Plant Science and Biotechnology,174,30,B2,A1,B3,C6,B3,B2,A1,C6,C6,B3,D7,-
REG2025_0091,Ms Ellie Law,Plant Science and Biotechnology,150,53,C5,C5,E8,F9,E8,C6,C5,D7,E8,C6,F9,-
REG2025_0092,Mrs Katherine Cross,Animal and Environmental Biology,281,91,B3,A1,C6,C6,F9,A1,D7,B3,C6,C5,F9,Computer Science
REG2025_0093,Abbie Cox,Physics,261,59,B3,B3,B2,F9,C5,D7,C4,F9,B3,B2,C5,-
REG2025_0094,Dorothy Jenkins,Mathematics and Statistics,254,92,A1,A1,F9,C5,C6,C4,E8,F9,A1,B2,E8,Computer Science
REG2025_0095,Leon Carpenter,Biochemistry,182,88,B2,B3,E8,B3,B3,D7,B2,F9,B2,B2,B2,-
REG2025_0096,Ms Sara Simpson,Applied Physics,189,94,B2,B3,B2,C4,A1,D7,A1,D7,B3,D7,D7,-
REG2025_0097,Hannah Williamson,Applied Physics,284,67,C4,C4,D7,B2,E8,A1,D7,C5,E8,B3,E8,Applied Physics
REG2025_0098,Dr Lauren Hargreaves,Biochemistry,248,58,A1,A1,D7,C6,E8,A1,C5,B2,C5,A1,B2,-
REG2025_0099,Dr Adam Manning,Microbiology,257,53,C4,B2,B3,F9,C6,C6,E8,C4,B2,F9,C5,-
REG2025_0100,Scott Smith,Plant Science and Biotechnology,167,85,C4,B2,B2,B3,D7,E8,C6,F9,A1,F9,B3,-
REG2025_0101,Mrs Chloe Tomlinson,Mathematics and Statistics,229,73,B2,A1,C5,B2,A1,C5,C5,E8,B2,C5,A1,Biochemistry
REG2025_0102,Dr Patricia Turner,Mathematics and Statistics,161,39,A1,B3,B2,F9,C6,D7,A1,C4,A1,C5,C6,-
REG2025_0103,Ms Bethany Reid,Microbiology,293,80,B2,A1,E8,B3,B3,C4,E8,B2,D7,C5,B2,Computer Science
REG2025_0104,Geraldine Gray,Biochemistry,154,31,C6,A1,B2,B3,B3,C4,C6,B3,C5,A1,B3,-
REG2025_0105,Joyce Taylor-Davis,Industrial Chemistry,247,48,B2,C4,F9,D7,F9,C4,C4,B3,E8,C5,B2,-
REG2025_0106,George Owens,Industrial Chemistry,263,43,A1,C6,D7,F9,C5,C6,F9,B2,E8,E8,C4,-
REG2025_0107,Gary Leonard,Physics,290,89,C6,C6,E8,C5,A1,B3,B3,C5,C4,B3,C4,Computer Science
REG2025_0108,Margaret Rowe,Mathematics and Statistics,185,47,C5,C5,B3,C5,C5,E8,E8,A1,F9,A1,E8,-
REG2025_0109,Matthew Stokes,Microbiology,153,71,A1,C4,F9,C5,A1,A1,E8,C5,F9,F9,D7,-
REG2025_0110,Dr Dennis Kirk,Plant Science and Biotechnology,197,65,C5,B3,E8,C5,B2,C5,B3,C4,D7,D7,A1,-
REG2025_0111,Kathryn Wood-Grant,Plant Science and Biotechnology,234,30,C5,B3,D7,F9,D7,C5,B3,F9,F9,C5,A1,-
REG2025_0112,Beverley Price,Physics,202,44,C6,C5,B2,B3,B2,E8,B3,A1,B2,B2,C4,-
REG2025_0113,Jonathan Black,Animal and Environmental Biology,201,38,C5,C5,B3,E8,F9,D7,F9,C6,F9,F9,B3,-
REG2025_0114,Dr Jenna Armstrong,Industrial Chemistry,169,92,B3,C6,B3,C4,C5,B3,C6,C6,E8,E8,D7,-
REG2025_0115,Damien Pope-May,Applied Physics,264,73,B3,B3,E8,C5,A1,C5,D7,E8,D7,D7,C5,Microbiology
REG2025_0116,Francis Quinn,Applied Physics,198,83,B2,A1,C5,C5,C6,F9,D7,C5,B2,B2,B2,-
REG2025_0117,Victor Newman-Ashton,Biochemistry,263,72,C5,B3,D7,D7,A1,D7,B2,C5,B2,D7,C4,-
REG2025_0118,Geoffrey Garner,Microbiology,258,87,B3,C6,C4,C6,C4,B3,F9,C6,C4,A1,A1,Computer Science
REG2025_0119,Dr Nigel King,Physics,192,39,A1,B2,F9,C4,C5,C5,C5,E8,B2,E8,C5,-
REG2025_0120,Dr Bernard Smith,Industrial Chemistry,157,62,B3,B3,C4,E8,C6,E8,C6,A1,F9,C5,B3,-
REG2025_0121,Mr Julian Jenkins,Physics,225,93,C6,A1,C5,F9,B2,C5,C4,F9,B2,C4,C4,Biochemistry
REG2025_0122,Gordon Butler-Turner,Biochemistry,249,98,B3,C4,C5,B2,E8,C5,C6,D7,A1,F9,C5,Computer Science
REG2025_0123,Craig Brown,Computer Science,183,49,B2,C4,C4,B3,E8,D7,C6,D7,C4,E8,B2,-
REG2025_0124,Mr Graeme Evans,Animal and Environmental Biology,277,50,C4,C4,B3,C4,A1,D7,B3,D7,F9,B3,D7,-
REG2025_0125,Mathew Shah,Computer Science,290,64,B2,B2,C4,A1,A1,D7,D7,E8,C4,C5,C4,Mathematics and Statistics
REG2025_0126,Ann Gilbert,Plant Science and Biotechnology,257,61,B2,A1,C5,D7,A1,C4,C4,C4,F9,B3,C5,Animal and Environmental Biology
REG2025_0127,Mohammed Cole,Industrial Chemistry,172,89,B2,B3,C5,C5,A1,F9,A1,D7,C5,C4,B3,-
REG2025_0128,Dominic Stevenson,Physics,254,58,B3,A1,C6,B3,C6,B2,C4,B3,C6,B2,C5,-
REG2025_0129,Janet Smith,Biochemistry,273,51,A1,B2,B2,C6,E8,C4,C4,C6,C6,B3,B3,-
REG2025_0130,June Jones,Mathematics and Statistics,293,93,C6,C5,B2,B2,C4,B2,E8,C6,C4,D7,C6,Computer Science
REG2025_0131,Dr Christian Thomson,Plant Science and Biotechnology,240,59,A1,B2,A1,F9,C5,D7,C6,F9,F9,D7,C6,-
REG2025_0132,Dr Connor Roberts,Animal and Environmental Biology,210,90,C6,C6,B3,C4,C5,A1,F9,B2,B2,F9,F9,Industrial Chemistry
REG2025_0133,Stephanie Jones,Physics,180,56,B3,B2,E8,C6,B3,E8,F9,C4,B2,A1,B2,-
REG2025_0134,Mr Lewis Clarke,Animal and Environmental Biology,257,32,C4,A1,C6,C4,C5,F9,C6,A1,A1,C4,D7,-
REG2025_0135,Valerie Turnbull,Animal and Environmental Biology,264,79,C5,C5,C6,C5,A1,C6,F9,F9,C4,A1,D7,Computer Science
REG2025_0136,Allan Williams,Microbiology,294,96,A1,C5,A1,C6,C4,E8,B2,C4,E8,B3,C6,Computer Science
REG2025_0137,Jacqueline Bennett,Computer Science,171,62,C4,A1,C6,C4,C6,A1,C5,C6,C4,C4,C6,-
REG2025_0138,Marc Moore-Kennedy,Physics,196,54,B3,C5,B2,C6,C4,E8,C5,D7,F9,C4,D7,-
REG2025_0139,Jodie Gordon,Plant Science and Biotechnology,204,36,C6,C4,B2,B3,C5,B3,F9,F9,C4,B2,F9,-
REG2025_0140,Lynne Jones,Computer Science,219,85,C5,C6,D7,B2,C5,B3,C5,D7,E8,D7,C5,Applied Physics
REG2025_0141,Deborah Morgan,Computer Science,155,71,C5,C6,B3,C4,C5,D7,C6,F9,C5,C4,D7,-
REG2025_0142,Cameron Hughes,Microbiology,297,37,C6,C6,B2,D7,B2,B3,B3,F9,A1,C4,C5,-
REG2025_0143,Carole Storey,Physics,242,72,B3,C4,B3,C6,C4,B2,C5,F9,C4,E8,C4,Microbiology
REG2025_0144,June Barton,Industrial Chemistry,177,79,C5,C6,B3,C6,D7,C5,A1,C4,C6,F9,C4,-
REG2025_0145,Ricky Ryan,Physics,255,66,B2,C4,C6,A1,A1,B2,D7,A1,B3,A1,B3,Applied Physics
REG2025_0146,Mr Oliver Davies,Industrial Chemistry,282,95,B2,C6,F9,D7,D7,B3,D7,C6,B2,B2,C5,-
REG2025_0147,Dr Joshua Evans,Microbiology,220,34,B2,B2,D7,A1,B3,B3,F9,A1,A1,F9,B3,-
REG2025_0148,Pamela Bennett,Biochemistry,211,45,C4,B2,D7,C6,A1,B2,D7,C6,C4,B3,C5,-
REG2025_0149,Damien Mason,Applied Physics,283,50,B3,C4,A1,B3,B3,B2,E8,C4,C6,C4,C6,-
REG2025_0150,Rachael Wilson-Browne,Animal and Environmental Biology,243,71,C4,B3,F9,C5,A1,C5,F9,B2,A1,C5,F9,Microbiology
REG2025_0151,Graham Powell,Plant Science and Biotechnology,289,86,C6,C4,F9,B3,D7,B2,E8,C6,E8,B2,C4,Computer Science
REG2025_0152,Shirley Hardy,Biochemistry,204,56,C5,C5,A1,C5,B2,B2,D7,B2,A1,C5,B2,-
REG2025_0153,Owen Henderson-Douglas,Biochemistry,249,42,C4,B3,C6,B2,C4,D7,F9,C6,D7,B2,E8,-
REG2025_0154,Frank Graham-Nelson,Mathematics and Statistics,158,89,C6,B3,A1,A1,C4,C4,F9,E8,A1,B2,F9,-
REG2025_0155,Eileen Cunningham,Plant Science and Biotechnology,252,64,C6,B2,B3,B3,C4,E8,C5,B3,C4,A1,D7,Mathematics and Statistics
REG2025_0156,Dr Clifford Hudson,Physics,213,70,C5,C5,E8,A1,C4,C5,C6,E8,C6,C6,B2,Industrial Chemistry
REG2025_0157,Miss Annette Harrison,Plant Science and Biotechnology,167,57,B2,B2,B3,B2,C5,C4,D7,C6,A1,A1,B2,-
REG2025_0158,Mrs Hannah Slater,Animal and Environmental Biology,270,83,C5,B3,B2,A1,C4,C4,E8,C4,A1,C4,B2,Computer Science
REG2025_0159,Jonathan Edwards,Microbiology,182,41,B3,C4,C4,E8,F9,D7,F9,C5,C4,E8,A1,-
REG2025_0160,Gail Stanley-Short,Physics,170,54,C6,C4,C5,C4,B2,C6,B3,B2,B2,E8,F9,-
REG2025_0161,Mr Albert Palmer,Physics,287,82,A1,C6,C4,E8,E8,B2,C4,B3,C5,C4,A1,Computer Science
REG2025_0162,Zoe Hill,Computer Science,300,50,B3,C4,A1,D7,E8,E8,B3,B3,F9,B3,D7,-
REG2025_0163,Deborah Armstrong,Mathematics and Statistics,167,77,C5,C6,C6,D7,A1,F9,A1,F9,B2,D7,F9,-
REG2025_0164,Laura Wilkins,Mathematics and Statistics,203,30,A1,B3,A1,D7,C4,C6,C4,D7,B3,C6,B3,-
REG2025_0165,Bradley Smith,Animal and Environmental Biology,273,73,C5,C5,E8,E8,C4,E8,C6,C4,B2,C6,D7,-
REG2025_0166,Max Murphy,Computer Science,243,68,B3,C5,A1,B3,B3,C5,A1,E8,C4,C5,B3,Physics
REG2025_0167,Leslie Gallagher-Smart,Animal and Environmental Biology,290,67,C4,A1,A1,D7,F9,C6,A1,C5,F9,D7,B2,Applied Physics
REG2025_0168,Ms Christine Butler,Physics,224,39,C5,C6,A1,B2,C6,F9,C6,E8,C5,C4,C4,-
REG2025_0169,Peter Evans,Mathematics and Statistics,297,32,C4,C6,A1,C4,B2,F9,C6,F9,C4,B3,D7,-
REG2025_0170,Dr Rachel Hawkins,Applied Physics,162,40,C4,C4,E8,B2,B3,C6,F9,C6,A1,E8,F9,-
REG2025_0171,Alexandra Randall,Physics,193,91,B3,C4,C4,B3,C5,F9,B2,B2,C4,C4,C5,-
REG2025_0172,Mr Dylan Bryan,Microbiology,166,97,B3,C6,D7,F9,D7,C5,C5,A1,C4,C5,E8,-
REG2025_0173,Catherine Rogers-Rees,Mathematics and Statistics,176,96,B2,C5,A1,C6,A1,B2,F9,C4,A1,A1,B3,-
REG2025_0174,Dr Dylan George,Plant Science and Biotechnology,212,54,C6,C5,F9,F9,D7,D7,F9,E8,D7,C5,C5,-
REG2025_0175,Billy Moss,Computer Science,298,64,C4,B3,A1,F9,C4,C5,C5,C4,D7,D7,B3,Mathematics and Statistics
REG2025_0176,Annette Bishop-Gould,Biochemistry,191,31,C4,B2,B2,A1,B3,A1,C6,F9,C6,D7,B3,-
REG2025_0177,Mrs Zoe Anderson,Computer Science,223,54,C4,A1,D7,D7,D7,C4,B2,C6,B2,C6,D7,-
REG2025_0178,Denis Pearce,Applied Physics,255,59,C6,B2,E8,B3,E8,B2,C5,B2,A1,B3,E8,-
REG2025_0179,Sheila Smith,Physics,154,50,B3,C4,B2,E8,C6,B2,A1,E8,D7,C4,D7,-
REG2025_0180,Denis Williams,Computer Science,200,74,B2,B3,F9,C6,E8,F9,C6,C5,D7,C6,F9,-
REG2025_0181,Carolyn Haynes,Physics,183,68,B3,B2,B3,C6,A1,C4,A1,A1,B2,C5,C6,-
REG2025_0182,Diana Savage,Plant Science and Biotechnology,297,30,B3,C6,B3,E8,A1,D7,B3,C6,B2,A1,C6,-
REG2025_0183,Eric Wright-Lee,Applied Physics,186,40,A1,B2,B3,B2,F9,B3,B2,D7,C4,B3,C4,-
REG2025_0184,Joan Hughes,Microbiology,287,75,B3,C6,C4,B3,B3,C5,C6,E8,E8,B3,A1,Computer Science
REG2025_0185,Karen Morrison,Animal and Environmental Biology,255,57,B3,B3,D7,F9,C4,C6,E8,B2,C6,B2,F9,-
REG2025_0186,Marilyn Clarke,Applied Physics,214,52,C5,C4,C6,D7,F9,C6,B3,F9,A1,B3,B2,-
REG2025_0187,Dr Holly Weston,Physics,199,55,B3,B2,C6,C6,C5,C4,C6,E8,F9,B2,A1,-
REG2025_0188,Mandy Smith,Biochemistry,158,73,A1,C6,C6,C5,E8,E8,F9,F9,D7,D7,C6,-
REG2025_0189,Graham Wallis-Kelly,Plant Science and Biotechnology,290,96,C5,C4,C4,E8,B2,B3,C4,E8,D7,B2,B3,Computer Science
REG2025_0190,Jay Lambert,Applied Physics,169,76,B2,A1,C4,B2,C5,D7,D7,F9,C4,C6,C5,-
REG2025_0191,Kayleigh Williams,Physics,250,58,B2,B3,B2,F9,D7,D7,C6,C5,E8,C6,D7,-
REG2025_0192,Miss Rosie Kelly,Computer Science,238,74,C6,A1,B2,F9,B2,D7,C4,E8,C5,A1,D7,Microbiology
REG2025_0193,Ashleigh Brown,Physics,278,86,B2,C4,A1,B2,C6,F9,C5,B3,C6,B3,C6,Computer Science
REG2025_0194,Helen Scott,Industrial Chemistry,293,47,C5,C6,C6,C6,B3,D7,C4,C4,F9,B2,A1,-
REG2025_0195,Douglas Potts,Mathematics and Statistics,258,48,C4,B3,B2,C6,F9,B3,B3,C5,C5,B2,A1,-
REG2025_0196,Roger Turner,Microbiology,217,58,C5,A1,B2,C4,C4,C4,E8,C5,B2,F9,A1,-
REG2025_0197,Dr Maurice Wilkinson,Physics,217,97,C6,B2,D7,F9,A1,B3,B3,B3,F9,F9,E8,Applied Physics
REG2025_0198,Max Walton-Woods,Microbiology,171,43,C4,C6,E8,E8,C6,E8,C5,B2,A1,F9,B2,-
REG2025_0199,Jonathan Thompson,Physics,200,98,C6,C5,F9,B3,B2,D7,A1,F9,B3,A1,F9,Plant Science and Biotechnology
REG2025_0200,Stephen Davison,Mathematics and Statistics,282,95,C4,B3,B3,F9,C4,D7,B3,C5,E8,C4,B3,Computer Science
REG2025_0201,Melissa Turner,Industrial Chemistry,294,85,C5,B2,B3,C4,B2,A1,B3,F9,B2,C6,C5,Computer Science
REG2025_0202,Nigel Jones-Smith,Plant Science and Biotechnology,214,43,C5,C6,D7,F9,C5,D7,B3,E8,C4,B2,F9,-
REG2025_0203,Daniel Little,Plant Science and Biotechnology,161,61,C5,B2,C5,B3,C5,B2,C6,C4,B3,C4,D7,-
REG2025_0204,Eric Shaw,Animal and Environmental Biology,224,68,A1,C6,A1,E8,D7,A1,C4,B3,D7,C5,C5,Physics
REG2025_0205,Antony Hall,Biochemistry,231,52,C5,C5,E8,F9,C6,F9,E8,C6,E8,B2,D7,-
REG2025_0206,Rachel Leonard-Bailey,Animal and Environmental Biology,279,79,B2,C5,C6,C4,D7,E8,C4,F9,C6,C5,B2,Computer Science
REG2025_0207,Brian Lewis,Plant Science and Biotechnology,291,69,B3,C4,D7,B2,F9,B2,A1,C5,E8,F9,C5,Physics
REG2025_0208,Josh Page,Physics,286,81,B2,B3,C6,C5,D7,B2,B3,E8,C5,A1,B3,Computer Science
REG2025_0209,Mrs Dawn West,Applied Physics,158,92,C6,C5,C4,D7,D7,D7,A1,B2,B2,A1,B3,-
REG2025_0210,Anne Thomson,Microbiology,279,84,C4,A1,C6,B2,B3,A1,C6,D7,B2,B3,F9,Computer Science
REG2025_0211,Dr Kelly Ford,Microbiology,228,66,C4,B2,B2,B3,B2,C4,E8,E8,C6,E8,F9,Applied Physics
REG2025_0212,Mandy George,Animal and Environmental Biology,169,47,C6,C5,C4,C4,D7,E8,C6,B3,D7,C6,E8,-
REG2025_0213,Kayleigh West,Applied Physics,188,64,A1,B2,B3,E8,C6,C6,C6,B3,F9,D7,A1,-
REG2025_0214,Shannon Davis-Jones,Applied Physics,242,75,B3,C6,D7,B2,E8,B2,C6,C6,C6,F9,E8,Computer Science
REG2025_0215,Lewis Hart,Biochemistry,246,69,A1,B2,C4,B3,D7,C5,C6,C4,C6,F9,C6,Physics
REG2025_0216,Ms Valerie Nicholson,Physics,252,83,A1,C6,D7,C6,B3,C4,C4,C5,C5,D7,D7,Computer Science
REG2025_0217,Carolyn Baker,Animal and Environmental Biology,201,58,A1,B2,F9,B2,B3,D7,A1,B2,F9,D7,D7,-
REG2025_0218,Keith Smith-Pearson,Biochemistry,249,72,C6,C4,B2,E8,A1,B2,F9,E8,C5,B3,F9,Microbiology
REG2025_0219,Lee Price,Industrial Chemistry,250,43,C5,B3,E8,B2,D7,F9,C5,C5,A1,A1,E8,-
REG2025_0220,Geraldine Lawrence,Animal and Environmental Biology,281,88,C4,B2,A1,E8,D7,C6,B2,F9,C4,B2,D7,Computer Science
REG2025_0221,Mrs Marie Andrews,Industrial Chemistry,264,45,C6,C5,A1,A1,C5,A1,C6,C4,D7,C6,C6,-
REG2025_0222,Dr Callum Watts,Computer Science,275,74,A1,B3,B2,C4,D7,F9,F9,B3,F9,E8,E8,Microbiology
REG2025_0223,Kenneth Williams,Animal and Environmental Biology,207,97,A1,B3,B2,D7,F9,C4,B3,E8,F9,D7,C6,Mathematics and Statistics
REG2025_0224,Ellie Wood-Dawson,Mathematics and Statistics,244,67,C5,C5,C4,E8,B2,C6,C4,D7,B2,C5,B2,Applied Physics
REG2025_0225,Adam Wood,Mathematics and Statistics,202,75,B3,C4,F9,C6,C6,B3,A1,F9,C4,F9,A1,Plant Science and Biotechnology
REG2025_0226,Josephine Rees,Plant Science and Biotechnology,276,86,C4,B3,D7,C4,F9,E8,D7,C6,B2,C5,B3,-
REG2025_0227,Kimberley Green,Animal and Environmental Biology,245,63,C6,C4,F9,C4,C4,F9,B3,B2,D7,B2,F9,Animal and Environmental Biology
REG2025_0228,Rosemary Howard,Biochemistry,247,49,A1,A1,C4,A1,B2,A1,E8,A1,A1,B3,F9,-
REG2025_0229,Dr Charles Bryan,Animal and Environmental Biology,165,67,B2,A1,D7,B3,C6,D7,C4,D7,D7,F9,C4,-
REG2025_0230,Mrs Georgina Moore,Industrial Chemistry,166,85,B2,C6,C5,C4,A1,C6,F9,A1,C6,C6,A1,-
REG2025_0231,Mrs Fiona Edwards,Animal and Environmental Biology,188,59,A1,C5,C5,A1,C6,C6,D7,A1,E8,D7,D7,-
REG2025_0232,Mr Martin Adams,Biochemistry,295,62,C5,C6,C5,F9,B2,D7,B3,C6,F9,A1,E8,Animal and Environmental Biology
REG2025_0233,Julian Kelly,Biochemistry,239,84,C4,C5,C4,C5,B3,E8,D7,C6,D7,A1,C5,Microbiology
REG2025_0234,Barbara Lewis,Plant Science and Biotechnology,266,39,C5,B3,C5,E8,A1,B3,E8,C4,A1,E8,B2,-
REG2025_0235,Charlene Saunders-Harvey,Industrial Chemistry,224,37,B2,B3,E8,C5,B2,A1,B3,B2,C5,A1,F9,-
REG2025_0236,Lucy Nicholls,Applied Physics,161,36,B2,C6,D7,C5,C6,F9,E8,B3,C6,B2,E8,-
REG2025_0237,Amber Gordon,Animal and Environmental Biology,214,47,B3,C6,C4,C6,B3,A1,A1,B3,F9,F9,C6,-
REG2025_0238,Dr Francesca Campbell,Microbiology,260,55,B2,C6,E8,F9,B2,A1,C4,D7,A1,C4,C6,-
REG2025_0239,Douglas Smith,Plant Science and Biotechnology,212,53,B2,C4,B2,B3,E8,A1,F9,D7,D7,E8,B3,-
REG2025_0240,Sophie Hughes,Plant Science and Biotechnology,178,52,C5,B3,F9,F9,C4,C6,C6,B3,C6,D7,B2,-
REG2025_0241,Dr Robert Osborne,Computer Science,178,71,B3,C6,B3,B2,D7,C4,D7,F9,C6,B3,B2,-
REG2025_0242,Max Clarke,Physics,299,32,A1,C6,E8,E8,C5,C4,B2,E8,E8,B2,C4,-
REG2025_0243,Jenna Turner,Biochemistry,183,31,C5,A1,B3,F9,C4,D7,B2,D7,F9,B2,A1,-
REG2025_0244,Ms Alexandra O'Brien,Computer Science,271,90,C6,A1,D7,E8,B3,D7,C5,C6,C5,A1,B2,-
REG2025_0245,Sarah Brown-Stevens,Mathematics and Statistics,230,59,B2,C5,D7,A1,C6,D7,B2,B2,D7,E8,E8,-
REG2025_0246,Roger Bruce,Applied Physics,165,32,A1,B3,D7,B2,C4,C6,E8,A1,F9,E8,C5,-
REG2025_0247,Ms Hayley Carey,Computer Science,236,39,B2,B3,B3,B2,C5,B3,F9,E8,F9,A1,C5,-
REG2025_0248,Stephen Lloyd,Plant Science and Biotechnology,204,44,C4,C5,C4,F9,C5,D7,B3,C5,C6,C6,F9,-
REG2025_0249,Joel Bryan,Mathematics and Statistics,271,72,B2,B3,B3,F9,B3,E8,D7,C4,F9,B3,C4,Microbiology
REG2025_0250,Terence Burgess,Animal and Environmental Biology,159,87,C4,C5,B2,B2,B2,E8,C5,C5,B3,F9,C5,-
REG2025_0251,Max Brown,Biochemistry,240,93,A1,A1,C5,C6,B2,C5,C6,C6,C4,E8,C4,Computer Science
REG2025_0252,Miss Emma McCarthy,Industrial Chemistry,152,49,C5,C4,C4,C4,B3,E8,D7,B3,C5,A1,D7,-
REG2025_0253,Caroline Clarke,Applied Physics,280,50,B3,C6,D7,B2,B3,B2,B3,C6,F9,F9,C5,-
REG2025_0254,Roy Nicholls-Giles,Plant Science and Biotechnology,225,97,C4,B3,C5,B2,C6,B2,F9,C6,C4,B3,C4,Biochemistry
REG2025_0255,Jasmine Hughes-Cook,Plant Science and Biotechnology,179,38,B3,B3,C6,B3,C5,E8,B3,B2,B2,D7,A1,-
REG2025_0256,Dr Mitchell Pritchard,Plant Science and Biotechnology,256,55,C4,C5,E8,F9,A1,A1,F9,A1,D7,C4,D7,-
REG2025_0257,Michelle Fletcher,Microbiology,279,41,B2,C6,C5,C6,C6,B3,F9,C6,B2,E8,A1,-
REG2025_0258,Stephen Smith-Jones,Plant Science and Biotechnology,158,86,C6,C6,D7,C4,A1,C5,F9,D7,B3,E8,C5,-
REG2025_0259,Judith Henderson-Doyle,Mathematics and Statistics,231,61,A1,A1,D7,C5,F9,C5,A1,E8,D7,C5,B3,Animal and Environmental Biology
REG2025_0260,Mr Steven Wong,Animal and Environmental Biology,287,35,B2,C4,C6,F9,C4,E8,E8,B3,E8,B3,C6,-
REG2025_0261,Marion Davis,Computer Science,209,94,C4,A1,C6,A1,C5,C5,C5,A1,D7,B3,A1,Mathematics and Statistics
REG2025_0262,Mrs Cheryl Barker,Industrial Chemistry,174,77,C5,C4,B3,C6,B3,E8,B2,F9,C5,C4,B2,-
REG2025_0263,Miss Sally Baker,Physics,214,92,C6,C4,C5,B2,F9,C5,C6,D7,D7,C4,D7,Industrial Chemistry
REG2025_0264,Kerry Cooke,Animal and Environmental Biology,180,62,B3,C4,C6,C4,B2,D7,A1,F9,C4,C6,F9,-
REG2025_0265,Oliver Gardner,Microbiology,194,48,B3,C6,B3,C6,B2,A1,A1,C4,F9,A1,A1,-
REG2025_0266,Mr Ashley Anderson,Animal and Environmental Biology,253,71,B3,C4,C6,C6,C6,F9,B3,B3,B2,B2,C5,Microbiology
REG2025_0267,Bruce Evans-Armstrong,Plant Science and Biotechnology,150,90,C5,C5,B2,C4,B2,C6,A1,C4,D7,A1,D7,-
REG2025_0268,Edward Lambert,Computer Science,261,91,B3,C6,A1,C6,E8,B2,B2,B2,F9,B2,D7,Computer Science
REG2025_0269,Eleanor Doherty,Computer Science,252,61,B2,C6,B3,C5,B3,D7,C4,B2,E8,B3,B3,Animal and Environmental Biology
REG2025_0270,Joanna Connolly,Applied Physics,155,69,C5,B2,C6,C5,E8,B3,C5,A1,E8,E8,C5,-
REG2025_0271,Mr Stuart Abbott,Biochemistry,250,41,C4,B3,C6,C5,B2,B3,B2,C4,F9,B2,E8,-
REG2025_0272,Jane Robson-Howard,Plant Science and Biotechnology,275,43,A1,C5,C4,C5,D7,B3,E8,C4,C6,B2,C5,-
REG2025_0273,Sophie Whittaker,Mathematics and Statistics,192,35,C4,B2,E8,D7,F9,C5,F9,C4,C6,B2,C5,-
REG2025_0274,Susan Newman,Industrial Chemistry,287,52,B3,C4,C6,B2,E8,C4,A1,C4,C6,C6,B2,-
REG2025_0275,Wendy Newton,Industrial Chemistry,160,86,B3,C4,D7,A1,B2,B2,C5,C4,B3,F9,C4,-
REG2025_0276,Conor Dawson-Robinson,Applied Physics,277,80,B3,B3,C5,D7,D7,B2,C5,C6,E8,A1,B2,Computer Science
REG2025_0277,Bethan Cameron,Industrial Chemistry,242,52,B2,C5,C4,D7,C4,B3,D7,D7,D7,C6,E8,-
REG2025_0278,Dr Adrian Clarke,Microbiology,177,30,C5,C6,C4,C6,B3,B3,E8,A1,C6,A1,D7,-
REG2025_0279,Mrs Emma Gordon,Applied Physics,213,69,C4,A1,B2,B2,C6,E8,F9,B2,E8,C4,C4,Industrial Chemistry
REG2025_0280,Eleanor Jenkins,Plant Science and Biotechnology,207,79,B3,C6,F9,F9,F9,A1,A1,A1,A1,E8,F9,-
REG2025_0281,Kate Blake,Biochemistry,240,70,C4,A1,B3,A1,E8,B2,E8,C6,D7,B3,B2,Microbiology
REG2025_0282,Harry Harvey,Microbiology,199,52,A1,A1,C6,C5,F9,B2,C6,F9,F9,C6,B2,-
REG2025_0283,Bradley Jones,Plant Science and Biotechnology,170,48,C6,B3,C5,C5,F9,C4,B3,B3,C6,A1,A1,-
REG2025_0284,Glen Hall,Computer Science,262,31,C6,C6,C6,C4,D7,C5,A1,C5,D7,B3,D7,-
REG2025_0285,Joel Lyons,Computer Science,300,63,C4,C6,D7,F9,B2,C6,E8,E8,E8,A1,A1,Animal and Environmental Biology
REG2025_0286,Graham Watson,Physics,152,31,C5,C5,F9,C5,F9,C4,B2,B2,E8,A1,C4,-
REG2025_0287,Patrick Akhtar,Computer Science,225,97,B3,B3,C4,B3,D7,E8,D7,A1,B2,C5,C6,Biochemistry
REG2025_0288,Dr Jonathan King,Plant Science and Biotechnology,194,87,A1,B3,B2,B3,C5,C6,C4,B3,A1,E8,D7,-
REG2025_0289,John Bell,Microbiology,165,78,C6,B2,C4,C5,B2,C5,C6,C5,B2,E8,A1,-
REG2025_0290,Dr Irene Walsh,Computer Science,246,82,C6,C6,B2,E8,C6,B3,B2,C6,C6,E8,E8,Computer Science
REG2025_0291,Derek Daniels,Physics,273,64,C5,A1,B3,A1,C6,C6,B2,C6,A1,C6,B2,Mathematics and Statistics
REG2025_0292,Jeremy Hardy-Roberts,Animal and Environmental Biology,252,74,B3,B2,E8,C6,E8,C6,A1,B2,A1,F9,C4,Microbiology
REG2025_0293,Bruce Bell-Thorpe,Animal and Environmental Biology,251,98,A1,C6,C5,C4,B3,C4,D7,D7,E8,C5,C5,Computer Science
REG2025_0294,Dylan Turner,Plant Science and Biotechnology,258,39,B2,B3,B3,C5,B3,A1,C6,A1,C6,B3,E8,-
REG2025_0295,Dr Janice Leach,Biochemistry,287,99,C6,B3,C5,D7,F9,B2,D7,C5,C4,C5,A1,Computer Science
REG2025_0296,Emily Cook,Animal and Environmental Biology,151,77,B2,A1,C5,A1,B3,E8,F9,F9,C4,C5,C6,-
REG2025_0297,Mr Peter Knight,Mathematics and Statistics,154,30,A1,C4,C4,C6,A1,C5,C4,C6,B3,E8,C4,-
REG2025_0298,Dr Olivia Chapman,Biochemistry,278,30,B3,C6,F9,E8,E8,C6,C4,B3,E8,C5,A1,-
REG2025_0299,Marc Jenkins,Industrial Chemistry,281,70,C6,C5,D7,B3,F9,E8,C6,C6,C6,A1,C5,-
REG2025_0300,Dr Vanessa Wyatt,Animal and Environmental Biology,171,95,C6,C4,F9,B3,D7,C6,F9,B3,D7,C5,C6,-
REG2025_0301,Dr Joseph White,Animal and Environmental Biology,189,31,C5,B2,E8,C5,C4,C4,B3,C4,C6,C6,A1,-
REG2025_0302,Jamie Wright,Microbiology,288,85,A1,B3,B2,C4,E8,C6,C6,C6,D7,E8,C5,Computer Science
REG2025_0303,Kevin Norman,Animal and Environmental Biology,268,90,C5,B2,F9,C6,F9,A1,C5,B3,F9,B3,C5,Computer Science
REG2025_0304,Gavin Dodd,Physics,201,95,B3,C6,F9,B3,F9,C5,E8,B2,A1,C5,C6,Plant Science and Biotechnology
REG2025_0305,Mohammad Byrne,Industrial Chemistry,174,90,A1,B2,C4,B2,C5,A1,C6,C5,D7,E8,C4,-
REG2025_0306,Miss Jane Haynes,Plant Science and Biotechnology,165,67,C6,B2,D7,C6,E8,C4,D7,C4,C4,D7,C4,-
REG2025_0307,Carole Thompson-Morgan,Biochemistry,220,91,B2,B2,C6,F9,E8,C6,C4,C5,B2,E8,C6,Physics
REG2025_0308,Marie Mitchell,Mathematics and Statistics,171,79,B3,C6,A1,C5,C4,D7,F9,A1,C5,A1,C5,-
REG2025_0309,Eric Pickering,Applied Physics,189,65,C5,C4,D7,B3,E8,C4,D7,B3,C4,C5,B2,-
REG2025_0310,Gillian Smith,Microbiology,232,38,C5,A1,D7,D7,E8,B2,B3,F9,C4,C4,A1,-
REG2025_0311,Dr Colin Smith,Physics,252,48,B3,C4,C5,D7,E8,C5,D7,B2,B2,A1,B3,-
REG2025_0312,Beverley Stone,Microbiology,162,71,C5,C4,B3,C6,E8,C5,D7,B2,E8,E8,C5,-
REG2025_0313,Yvonne Burrows,Applied Physics,157,54,B3,B3,A1,C4,D7,A1,A1,D7,A1,B3,B3,-
REG2025_0314,Rita Manning,Microbiology,208,72,C6,C5,B3,C5,C6,B2,C5,A1,A1,C4,B2,Mathematics and Statistics
REG2025_0315,Mr Michael Bentley,Microbiology,157,30,C6,C4,D7,F9,C4,B3,C4,B3,B2,D7,B3,-
REG2025_0316,Jill Turner-Begum,Industrial Chemistry,259,40,C4,C6,C6,B3,B3,C4,D7,F9,B3,E8,A1,-
REG2025_0317,Joyce Ali-Davies,Plant Science and Biotechnology,164,57,C6,B3,C4,B2,E8,A1,C6,B3,E8,C4,B3,-
REG2025_0318,Guy Smith,Plant Science and Biotechnology,173,36,B3,C5,C5,D7,A1,D7,D7,E8,C4,D7,A1,-
REG2025_0319,Hugh Macdonald,Microbiology,257,51,C4,B2,B2,C5,E8,C6,B2,A1,D7,D7,C6,-
REG2025_0320,Joshua Akhtar,Animal and Environmental Biology,217,38,C6,B2,C5,C6,E8,B2,B2,C4,D7,C6,E8,-
REG2025_0321,Albert Elliott,Plant Science and Biotechnology,252,50,B3,C6,B2,F9,C4,D7,B3,D7,E8,F9,D7,-
REG2025_0322,Barry Green,Microbiology,292,69,C5,C6,B3,D7,E8,B2,E8,F9,F9,B3,E8,Physics
REG2025_0323,Clive Dawson,Mathematics and Statistics,221,100,C6,B2,C5,C5,B2,B3,C5,A1,C4,B3,B2,Physics
REG2025_0324,Rebecca Adams,Microbiology,158,88,C4,B2,A1,A1,C4,C6,D7,B2,C6,D7,A1,-
REG2025_0325,Mr Rhys Summers,Animal and Environmental Biology,211,58,A1,C4,B2,A1,F9,E8,C6,C4,E8,C4,C5,-
REG2025_0326,Dr Diana Miller,Industrial Chemistry,175,85,B3,A1,C5,B2,B2,C4,A1,B3,C6,C5,F9,-
REG2025_0327,Jasmine Read,Physics,180,71,C5,C4,F9,E8,A1,C4,D7,A1,E8,F9,C5,-
REG2025_0328,Dr Philip Jones,Mathematics and Statistics,196,95,B2,C6,C5,C5,A1,F9,F9,C6,C4,C4,C5,-
REG2025_0329,Olivia Clarke,Biochemistry,270,49,B3,B2,B3,F9,C6,E8,A1,F9,E8,E8,E8,-
REG2025_0330,Alan Hill,Animal and Environmental Biology,253,100,C6,B3,C6,A1,C6,C4,C5,B3,E8,B2,F9,Computer Science
REG2025_0331,Guy Davies,Industrial Chemistry,160,98,C5,C4,C5,A1,E8,A1,F9,B3,C5,A1,C4,-
REG2025_0332,Brandon Gallagher,Animal and Environmental Biology,226,43,B2,B2,C4,C6,B2,F9,D7,B2,A1,E8,F9,-
REG2025_0333,Mr Jeremy Hammond,Biochemistry,215,74,C6,C6,E8,D7,F9,C6,F9,D7,C5,C6,B2,-
REG2025_0334,Mrs Deborah Taylor,Computer Science,279,54,A1,A1,C6,F9,D7,D7,A1,A1,D7,C4,C4,-
REG2025_0335,Dr Keith Adams,Plant Science and Biotechnology,170,65,C4,C6,D7,C5,B2,E8,C4,B3,F9,B3,A1,-
REG2025_0336,Ruth Saunders,Biochemistry,185,76,B3,B2,D7,C4,B3,B2,C4,C4,D7,C6,B3,-
REG2025_0337,Ryan Steele,Mathematics and Statistics,182,38,C6,B3,A1,E8,F9,B2,E8,E8,F9,F9,F9,-
REG2025_0338,Dr Peter Turner,Physics,247,33,B2,C5,C5,D7,D7,E8,A1,E8,A1,F9,C6,-
REG2025_0339,Dr Aimee Adams,Mathematics and Statistics,165,67,B2,B3,E8,C4,C4,D7,F9,F9,C6,F9,F9,-
REG2025_0340,Mrs Beth Doyle,Mathematics and Statistics,207,47,A1,C6,D7,C4,C5,A1,C5,C5,A1,E8,D7,-
REG2025_0341,Yvonne Smith,Industrial Chemistry,299,46,C6,A1,E8,C5,B2,B3,A1,F9,B2,B2,C5,-
REG2025_0342,Marie Chapman-Evans,Microbiology,185,44,C4,A1,C6,D7,B2,E8,E8,C4,C4,F9,D7,-
REG2025_0343,Lisa Read,Applied Physics,255,51,C6,A1,C6,B2,A1,A1,A1,B3,C6,B2,F9,-
REG2025_0344,Dr John Norman,Computer Science,169,100,A1,B3,A1,C4,C4,C4,E8,E8,F9,B3,C5,-
REG2025_0345,Joshua West,Biochemistry,281,57,B3,B3,B2,E8,D7,D7,B2,E8,D7,A1,C5,-
REG2025_0346,Mr Josh Morton,Mathematics and Statistics,274,69,C6,C4,C5,C4,C4,C6,A1,C6,B2,D7,C6,Physics
REG2025_0347,Jamie Griffiths,Physics,249,75,C6,B2,E8,C6,C5,E8,B3,D7,C6,C5,B3,Computer Science
REG2025_0348,William Johnson,Plant Science and Biotechnology,280,47,C6,C5,C4,F9,F9,F9,A1,B3,C5,F9,D7,-
REG2025_0349,Dr Sophie Gibson,Computer Science,204,35,C5,B2,B2,C4,B2,C6,B2,F9,C6,A1,C6,-
REG2025_0350,Bruce Wood-Turner,Physics,293,88,C5,A1,F9,C5,C6,B2,C4,C6,F9,B2,C4,Computer Science
REG2025_0351,Mary Murray,Computer Science,237,75,C6,C5,A1,A1,F9,A1,B2,B3,C5,E8,A1,Microbiology
REG2025_0352,Mr Maurice Davis,Computer Science,252,46,B2,B2,D7,B3,A1,D7,D7,E8,A1,C5,C5,-
REG2025_0353,Mr Vincent Nixon,Microbiology,263,84,B3,A1,C5,A1,D7,C5,C5,B2,A1,C6,E8,Computer Science
REG2025_0354,James Jones,Computer Science,197,66,C4,C6,F9,C5,D7,A1,B3,B3,C5,E8,E8,-
REG2025_0355,Stewart Adams,Applied Physics,242,92,C5,C4,A1,C4,D7,E8,C6,B3,D7,B2,E8,Computer Science
REG2025_0356,Tony Robinson,Microbiology,277,100,C5,C4,C6,C4,A1,F9,D7,B3,C5,F9,C4,Computer Science
REG2025_0357,Emily Benson,Plant Science and Biotechnology,156,30,B2,C4,C4,D7,A1,B3,C5,B3,B2,E8,C6,-
REG2025_0358,Ms Jennifer Little,Computer Science,158,74,B2,C5,F9,E8,C5,E8,C5,A1,B2,C6,A1,-
REG2025_0359,Wendy Ellis-Scott,Computer Science,295,78,B2,B2,C5,E8,A1,A1,A1,B2,F9,C6,D7,Computer Science
REG2025_0360,Jeremy Kerr,Plant Science and Biotechnology,242,82,B2,C5,B3,F9,C5,C6,D7,B2,C4,C6,E8,Computer Science
REG2025_0361,Stephanie Parkes,Biochemistry,201,34,C5,C6,A1,B3,E8,E8,E8,C4,C5,E8,C4,-
REG2025_0362,Dr Peter Taylor,Applied Physics,233,76,B3,B2,F9,C5,E8,A1,E8,A1,B3,B3,B2,Microbiology
REG2025_0363,Mr Martyn Smith,Animal and Environmental Biology,284,84,C5,C5,B2,D7,A1,C4,B2,B3,A1,E8,C5,Computer Science
REG2025_0364,Rosie Davies,Microbiology,239,69,C4,C5,F9,F9,F9,F9,A1,E8,B3,C6,B2,-
REG2025_0365,Tina Wright,Animal and Environmental Biology,194,60,A1,C4,C4,B3,C5,B2,C6,D7,C6,C6,E8,-
REG2025_0366,Gail Wright,Applied Physics,271,76,B2,C5,C6,D7,C6,E8,C4,C5,E8,E8,C6,Computer Science
REG2025_0367,Dr Mohammed Jones,Mathematics and Statistics,200,42,B2,C6,D7,F9,C5,A1,B2,B2,C6,E8,B3,-
REG2025_0368,Hugh Edwards,Mathematics and Statistics,153,33,C4,C4,B3,D7,F9,B2,B2,F9,C5,D7,D7,-
REG2025_0369,Mr Owen Davies,Applied Physics,281,63,C4,C4,B2,D7,E8,E8,B2,E8,C5,B3,C5,-
REG2025_0370,Dr Glenn Evans,Computer Science,258,74,C6,C4,E8,B3,C4,B2,C5,C6,C5,C4,B2,Microbiology
REG2025_0371,Damian Evans,Physics,284,84,B3,B3,F9,C4,E8,C6,D7,B3,D7,D7,C4,Computer Science
REG2025_0372,Dr Molly Short,Biochemistry,160,96,C6,A1,A1,C4,B3,B3,A1,C4,E8,B3,E8,-
REG2025_0373,Emma Jackson,Biochemistry,157,72,A1,A1,C4,B2,D7,B2,B2,A1,D7,B2,A1,-
REG2025_0374,Beth Begum,Biochemistry,210,51,B3,C6,A1,D7,D7,B3,F9,C5,F9,E8,C5,-
REG2025_0375,Janet Rees,Microbiology,273,64,B3,C4,F9,F9,C6,F9,A1,C6,B2,A1,B2,-
REG2025_0376,Michael Norris,Industrial Chemistry,295,55,B3,C5,D7,A1,D7,C6,E8,A1,F9,D7,B2,-
REG2025_0377,Jacqueline Ali,Physics,272,74,A1,C5,A1,C5,C5,B3,B2,E8,B2,C4,C4,Microbiology
REG2025_0378,Kim Edwards,Mathematics and Statistics,217,84,C4,C4,A1,B3,D7,D7,C5,E8,C5,F9,A1,Applied Physics
REG2025_0379,Ross Hayward,Microbiology,286,69,C4,B3,C6,C5,E8,C4,F9,E8,A1,A1,E8,Physics
REG2025_0380,Philip Marshall,Applied Physics,174,84,A1,C5,E8,B2,A1,E8,B2,E8,B3,E8,F9,-
REG2025_0381,Elliot White,Microbiology,175,40,C4,B2,B2,B2,A1,C5,B3,C5,C5,B3,D7,-
REG2025_0382,Alex Young,Industrial Chemistry,156,100,C4,C6,C5,B3,C5,B3,C4,F9,F9,B2,D7,-
REG2025_0383,Grace Chandler,Microbiology,229,34,B2,C6,A1,D7,B3,A1,C4,E8,B3,E8,C4,-
REG2025_0384,Sharon Gardner,Applied Physics,241,62,B2,C4,D7,F9,B2,C4,F9,C5,B3,B3,C5,Animal and Environmental Biology
REG2025_0385,Dr Henry Jackson,Physics,210,41,C5,C4,E8,B3,F9,B3,B3,B2,F9,B3,A1,-
REG2025_0386,Christine Allen,Applied Physics,240,37,A1,C5,D7,C6,C6,C5,B2,F9,A1,D7,C5,-
REG2025_0387,Maureen James,Biochemistry,171,40,B3,B2,A1,E8,F9,A1,B3,C5,B2,C5,C5,-
REG2025_0388,Aaron Fox-Goddard,Animal and Environmental Biology,157,90,C5,C5,A1,E8,C6,C5,A1,B2,B3,F9,B2,-
REG2025_0389,Mrs Hilary Gibbs,Mathematics and Statistics,192,93,B3,B2,C6,E8,C5,F9,A1,C6,D7,C5,C4,-
REG2025_0390,Dean Russell,Computer Science,242,36,A1,C6,C6,C6,D7,B3,C5,D7,A1,B2,D7,-
REG2025_0391,Kyle O'Neill,Computer Science,234,47,C5,C4,F9,C6,B3,E8,C4,C4,B3,C5,A1,-
REG2025_0392,Harriet Wood,Mathematics and Statistics,201,63,A1,C5,F9,A1,C5,D7,B3,F9,D7,D7,B2,Plant Science and Biotechnology
REG2025_0393,Ross Robinson-Stewart,Computer Science,184,52,C4,C4,C6,A1,F9,A1,E8,D7,B2,B2,F9,-
REG2025_0394,Eric Savage-Morris,Industrial Chemistry,298,81,C5,B3,D7,D7,B2,C6,D7,C4,C6,E8,C5,Computer Science
REG2025_0395,Ms Linda Davies,Computer Science,215,67,B2,C4,B2,B3,B2,D7,B2,B2,C4,C4,B2,Applied Physics
REG2025_0396,Darren Bird,Biochemistry,227,60,C6,C5,F9,B2,B2,C5,C6,C6,E8,E8,A1,Animal and Environmental Biology
REG2025_0397,Darren Reed,Computer Science,198,34,B3,B2,C5,C6,C5,B3,E8,F9,C6,B2,D7,-
REG2025_0398,Mohamed Hussain,Industrial Chemistry,160,92,B3,A1,C4,B2,B3,C5,F9,F9,D7,F9,B2,-
REG2025_0399,Clifford O'Brien,Physics,176,41,C6,B3,E8,A1,C6,C6,C6,C5,C4,F9,A1,-
REG2025_0400,Charlotte Hunter,Mathematics and Statistics,204,30,A1,C6,C6,E8,F9,A1,E8,B3,A1,B2,B2,-
REG2025_0401,Jake Norris-Spencer,Applied Physics,228,58,C4,B2,A1,C4,C4,A1,B2,B2,D7,E8,C5,-
REG2025_0402,Marion Newman,Industrial Chemistry,161,63,C5,B3,E8,B3,D7,B2,F9,C4,F9,C5,C4,-
REG2025_0403,Dylan Marshall,Biochemistry,194,68,C6,B3,A1,F9,C4,B2,E8,B3,C6,B3,F9,-
REG2025_0404,Ms Joan Scott,Industrial Chemistry,176,93,C4,C5,B2,C6,B3,A1,E8,C4,B2,C6,C5,-
REG2025_0405,Abbie Winter,Biochemistry,293,72,C6,A1,E8,D7,D7,F9,C6,B3,C6,E8,B2,-
REG2025_0406,Jane Gallagher-Gray,Microbiology,283,75,B3,B3,C5,B3,C6,A1,B2,C4,C5,B3,F9,Computer Science
REG2025_0407,Mrs Michelle Coates,Applied Physics,295,68,B2,C4,A1,C6,E8,A1,E8,C6,B2,B3,E8,Physics
REG2025_0408,Malcolm Welch-Williamson,Plant Science and Biotechnology,262,64,C6,C4,B3,B2,F9,C6,C6,B2,F9,D7,B3,Mathematics and Statistics
REG2025_0409,Malcolm Webster,Plant Science and Biotechnology,170,86,B2,C4,F9,A1,C6,B3,C5,C5,B2,F9,C6,-
REG2025_0410,Dr Joseph Byrne,Plant Science and Biotechnology,300,53,B3,B2,C6,F9,A1,E8,D7,B2,D7,C6,F9,-
REG2025_0411,Jessica Duffy,Microbiology,174,91,C5,B3,B2,C5,D7,D7,B3,C4,B3,C4,C5,-
REG2025_0412,Stewart Phillips,Physics,209,92,A1,C4,B2,C4,D7,F9,B3,B3,A1,E8,B2,Mathematics and Statistics
REG2025_0413,Mrs Janet Simpson,Plant Science and Biotechnology,296,58,B2,C6,F9,D7,C4,C4,A1,B2,C6,E8,B2,-
REG2025_0414,Dorothy Kent,Mathematics and Statistics,288,49,C6,C6,C6,B2,A1,E8,B3,C6,C6,E8,F9,-
REG2025_0415,Mrs Jasmine Johnson,Industrial Chemistry,160,46,A1,C5,C5,B3,C5,D7,D7,D7,B3,B2,C4,-
REG2025_0416,Charlie Elliott-Mills,Mathematics and Statistics,254,32,C6,C6,E8,F9,C4,B3,C6,F9,F9,D7,C5,-
REG2025_0417,Rhys Long,Animal and Environmental Biology,248,60,A1,C4,B3,B2,B2,F9,C4,A1,B3,E8,B3,Animal and Environmental Biology
REG2025_0418,Philip Watkins,Physics,151,52,C5,C6,C4,C4,B3,B2,D7,D7,C4,C6,C5,-
REG2025_0419,Dr Ross Kirby,Physics,279,76,C6,B3,B3,F9,E8,C5,C4,B3,B3,B2,D7,Computer Science
REG2025_0420,Lindsey Williamson,Mathematics and Statistics,218,95,C5,C6,D7,B2,D7,B3,B2,A1,B2,C5,A1,Applied Physics
REG2025_0421,Mr Gregory White,Mathematics and Statistics,184,45,C5,B3,C4,E8,B3,F9,C5,C5,B3,C4,F9,-
REG2025_0422,Brenda Jones,Animal and Environmental Biology,249,60,A1,A1,C4,C5,B2,D7,B2,E8,B2,F9,B2,Animal and Environmental Biology
REG2025_0423,Mr Gavin Allen,Microbiology,175,57,B3,C6,D7,F9,C4,C6,B3,C6,B2,D7,C5,-
REG2025_0424,Clare Taylor,Computer Science,177,95,C6,C4,C4,D7,B2,F9,C5,A1,E8,C6,C6,-
REG2025_0425,Janet Smith,Microbiology,275,61,C6,B3,B3,F9,E8,E8,F9,C5,C6,D7,D7,-
REG2025_0426,Ms Lorraine Kelly,Applied Physics,182,83,A1,C5,A1,B3,B3,C5,D7,B3,B2,C4,B2,-
REG2025_0427,Dale Webb,Biochemistry,212,86,B3,B3,B2,C5,F9,B2,A1,F9,C4,C6,C6,Industrial Chemistry
REG2025_0428,Alan Bowen,Physics,178,88,A1,B3,E8,D7,C5,C4,B3,C4,B2,C5,A1,-
REG2025_0429,Terry Hughes,Plant Science and Biotechnology,222,94,B3,C4,C5,C6,B2,C4,F9,C4,A1,B3,C5,Physics
REG2025_0430,Mohamed Fleming-Marshall,Biochemistry,242,70,C6,A1,C5,C6,E8,B3,B3,A1,D7,C5,A1,Microbiology
REG2025_0431,Mr Leon Humphries,Plant Science and Biotechnology,282,89,C5,C5,E8,F9,C5,E8,D7,A1,F9,A1,C4,-
REG2025_0432,John Patel,Animal and Environmental Biology,197,85,B3,C4,A1,B2,F9,C6,B3,B3,B3,B2,D7,-
REG2025_0433,Benjamin Williams,Animal and Environmental Biology,300,39,C5,C4,C5,C6,C6,B2,F9,A1,F9,C5,B2,-
REG2025_0434,Mark Welch,Physics,165,51,A1,B3,C5,B3,F9,D7,C5,B3,C6,A1,B3,-
REG2025_0435,Jane Wilkins,Plant Science and Biotechnology,222,51,B3,C5,C5,D7,E8,D7,B3,F9,C5,B2,D7,-
REG2025_0436,Steven Baxter-Morton,Biochemistry,248,78,B3,B3,A1,E8,D7,B2,B3,B2,D7,E8,F9,Computer Science
REG2025_0437,Charlotte Morgan-Taylor,Industrial Chemistry,299,57,A1,B3,A1,E8,F9,B3,B3,B2,A1,A1,B2,-
REG2025_0438,Louise Barton,Plant Science and Biotechnology,248,98,C4,C6,F9,B2,B2,F9,C6,C6,B2,D7,C4,Computer Science
REG2025_0439,Paige Sykes,Biochemistry,247,55,C6,B2,C4,D7,C4,A1,A1,C5,E8,C6,B3,-
REG2025_0440,Ellie Johnson,Industrial Chemistry,166,56,B2,B3,C4,C5,B2,B3,C6,F9,B2,B3,D7,-
REG2025_0441,Dr Mitchell Smith,Animal and Environmental Biology,247,73,C6,C6,C6,E8,F9,C5,F9,C5,A1,B3,C5,Microbiology
REG2025_0442,Ashley Mahmood-Walker,Biochemistry,296,76,A1,B3,C5,F9,C4,C5,F9,E8,C5,A1,A1,Computer Science
REG2025_0443,Craig Owen,Plant Science and Biotechnology,216,60,A1,C6,C5,C6,E8,C6,C4,D7,D7,A1,E8,Animal and Environmental Biology
REG2025_0444,Laura Burrows-Turner,Applied Physics,255,42,B3,B2,D7,D7,A1,C6,B3,E8,B3,C4,C4,-
REG2025_0445,Sophie Heath-Singh,Physics,179,51,A1,A1,C6,B3,C5,D7,F9,E8,B2,A1,C4,-
REG2025_0446,Valerie Thompson,Industrial Chemistry,251,31,C5,B2,C4,F9,C4,D7,C5,C5,B3,A1,C4,-
REG2025_0447,Georgia Ball-Mitchell,Biochemistry,170,47,C5,C4,F9,B2,C6,B3,D7,C6,B2,E8,A1,-
REG2025_0448,Lorraine Evans,Microbiology,183,82,C4,B2,C5,E8,C4,B3,C4,F9,B2,D7,C5,-
REG2025_0449,Diane Parkinson,Plant Science and Biotechnology,201,32,B2,B3,B2,E8,B3,C6,F9,E8,C5,A1,C4,-
REG2025_0450,Mr Shaun Parry,Mathematics and Statistics,266,85,B3,C6,B2,E8,C4,B3,D7,C4,F9,C6,B2,Computer Science
REG2025_0451,Mrs Jemma Robinson,Computer Science,188,100,C5,C6,B2,C4,F9,C5,B3,E8,B3,A1,E8,-
REG2025_0452,Kathleen Baxter,Biochemistry,246,78,C4,A1,C5,A1,E8,C4,E8,E8,B3,D7,C4,Computer Science
REG2025_0453,Denis White-Myers,Plant Science and Biotechnology,205,57,C5,B2,E8,C6,F9,E8,D7,F9,B2,B3,E8,-
REG2025_0454,Robert Norris,Industrial Chemistry,162,95,C5,C5,E8,B3,E8,B3,F9,A1,F9,C4,B2,-
REG2025_0455,Ms Shannon Griffiths,Animal and Environmental Biology,195,43,C4,B2,D7,B3,C6,C6,B2,C4,C4,B3,C4,-
REG2025_0456,Mr George Patel,Microbiology,247,86,C6,C5,E8,C4,F9,B2,F9,C4,C5,B3,C4,Computer Science
REG2025_0457,Dr Carol Watson,Mathematics and Statistics,212,38,B2,C6,E8,B3,D7,A1,C6,B3,F9,E8,A1,-
REG2025_0458,Glenn Goddard,Plant Science and Biotechnology,205,57,B3,C5,B3,B3,C6,A1,C5,D7,C6,C4,B2,-
REG2025_0459,Stephanie Stewart,Mathematics and Statistics,230,72,C4,A1,B3,E8,C5,B2,C4,B3,B2,B2,A1,Microbiology
REG2025_0460,Mr Dennis Shepherd,Physics,169,97,C4,C6,C6,C6,B2,C5,E8,C6,A1,B3,C6,-
REG2025_0461,Katy Duncan-Bishop,Mathematics and Statistics,292,83,A1,B3,B2,B2,C4,C4,B3,D7,A1,D7,F9,Computer Science
REG2025_0462,Jill Smith,Animal and Environmental Biology,248,95,C5,A1,C4,B3,E8,C5,C5,D7,C5,D7,F9,Computer Science
REG2025_0463,Carole West,Microbiology,235,100,C6,B3,E8,C6,C5,B2,E8,E8,C4,D7,C5,Microbiology
REG2025_0464,Karl Burns-Mitchell,Microbiology,195,67,B2,C5,F9,E8,C6,A1,C6,F9,B3,E8,F9,-
REG2025_0465,Charlie Newton,Animal and Environmental Biology,239,52,C6,C5,E8,B3,C4,C6,D7,C5,B2,F9,E8,-
REG2025_0466,Mr Martin Hunt,Biochemistry,281,88,C6,B2,E8,F9,C6,A1,E8,B2,B2,B2,D7,Computer Science
REG2025_0467,Jordan Johnson-Warren,Plant Science and Biotechnology,296,58,C6,C5,B3,B3,B2,C6,D7,A1,C5,B3,E8,-
REG2025_0468,Vincent Rees-Green,Plant Science and Biotechnology,177,58,A1,B3,F9,C5,C5,C4,A1,C5,B2,B3,E8,-
REG2025_0469,Mrs Laura Glover,Industrial Chemistry,242,72,A1,C6,C5,B3,C5,C4,C6,C5,A1,D7,A1,Microbiology
REG2025_0470,Justin Young,Mathematics and Statistics,228,54,B3,B3,D7,C4,F9,C6,E8,C4,C6,F9,C4,-
REG2025_0471,Lynn Thomas-Shaw,Microbiology,249,75,B3,C6,B3,B3,C5,D7,B3,D7,C4,B3,C5,Computer Science
REG2025_0472,Rita Williams-Taylor,Animal and Environmental Biology,251,53,A1,C4,C4,D7,C5,B3,D7,E8,D7,C4,E8,-
REG2025_0473,Daniel Collins,Mathematics and Statistics,179,42,C4,A1,C5,B2,B2,C4,D7,B3,B3,B2,A1,-
REG2025_0474,Dr Abbie Townsend,Computer Science,173,93,B2,C4,B3,D7,C4,C4,E8,C5,A1,F9,C4,-
REG2025_0475,Teresa Bell,Industrial Chemistry,282,33,C4,C4,C4,B2,A1,B2,B2,F9,B2,B3,F9,-
REG2025_0476,Catherine Doherty,Animal and Environmental Biology,222,84,C5,C4,E8,C5,C5,F9,D7,B2,C5,B3,C4,Physics
REG2025_0477,Terence Simpson,Industrial Chemistry,221,100,C4,C5,C5,F9,E8,C5,A1,F9,F9,C4,C5,Physics
REG2025_0478,Damian Lee,Animal and Environmental Biology,253,62,A1,C4,F9,A1,C5,E8,B2,E8,C6,C6,E8,Animal and Environmental Biology
REG2025_0479,Jane Douglas,Industrial Chemistry,225,45,C5,C6,C6,A1,F9,C5,C5,E8,C4,E8,A1,-
REG2025_0480,Dr Geraldine Lewis,Applied Physics,260,65,B3,C4,B2,A1,C5,E8,B2,C5,D7,F9,E8,Industrial Chemistry
REG2025_0481,Carly Butler,Plant Science and Biotechnology,276,90,B2,C5,F9,E8,E8,C6,F9,C6,D7,D7,C6,-
REG2025_0482,Lisa Barrett,Biochemistry,277,78,B3,B3,B3,C5,B2,F9,E8,B2,B2,B2,B2,Computer Science
REG2025_0483,Beverley Butler,Physics,188,31,B3,C4,F9,C4,C5,B2,E8,C5,C6,B3,F9,-
REG2025_0484,Abigail Davies,Microbiology,186,49,A1,C4,D7,A1,B2,F9,B2,C4,F9,B2,B2,-
REG2025_0485,Heather Griffin,Industrial Chemistry,265,79,B3,B2,D7,C6,F9,E8,E8,B3,C6,C6,E8,-
REG2025_0486,Paul Howells,Computer Science,241,89,C4,C6,C4,B2,F9,D7,D7,C5,A1,C4,B3,Computer Science
REG2025_0487,Mr Derek Warren,Applied Physics,220,79,A1,C5,C5,D7,F9,B2,B2,E8,B2,B2,F9,Physics
REG2025_0488,Raymond McDonald,Biochemistry,177,42,C6,C5,C6,B3,B2,A1,C6,B2,B3,F9,D7,-
REG2025_0489,Phillip Taylor,Biochemistry,274,53,B2,C4,C4,A1,C5,B3,C6,C6,F9,F9,B3,-
REG2025_0490,Sharon Hyde,Microbiology,247,54,C6,C5,F9,E8,A1,A1,A1,F9,D7,B2,C5,-
REG2025_0491,Janet Rice,Biochemistry,261,83,A1,C5,C6,C5,A1,D7,F9,A1,A1,C5,C4,Computer Science
REG2025_0492,Dr Jeremy Jones,Animal and Environmental Biology,186,98,C6,C5,D7,B2,D7,B3,A1,C4,C6,E8,B2,-
REG2025_0493,Debra Williamson,Biochemistry,258,95,B3,B2,B3,D7,C4,B2,C5,C5,C6,E8,E8,Computer Science
REG2025_0494,Jane Morgan,Applied Physics,289,65,B2,B2,C6,C4,B3,C4,F9,C6,B3,E8,D7,Industrial Chemistry
REG2025_0495,Susan Davies,Biochemistry,185,42,B3,C4,C5,B3,E8,B3,C4,F9,C5,C5,B3,-
REG2025_0496,Kim Wood,Applied Physics,181,73,B2,C5,C6,E8,B3,C4,B3,A1,E8,C6,B2,-
REG2025_0497,Kim Edwards,Biochemistry,261,89,C6,A1,C5,C4,C5,B2,C6,B3,B2,A1,F9,Computer Science
REG2025_0498,Christopher Gallagher,Microbiology,229,44,C5,C6,A1,F9,B2,A1,D7,B3,B3,B2,C4,-
REG2025_0499,Gordon Gould,Microbiology,222,65,B2,C5,E8,A1,C4,C6,F9,B2,F9,C6,C5,Industrial Chemistry
REG2025_0500,Owen Walters,Plant Science and Biotechnology,188,97,C6,B3,C5,D7,A1,F9,C6,C6,E8,B3,D7,-
REG2025_0501,Chelsea Cooper-Grant,Applied Physics,170,81,B2,B3,B3,E8,B3,C6,B2,F9,B2,A1,F9,-
REG2025_0502,Maria Smith,Applied Physics,257,100,A1,C5,D7,B3,E8,D7,A1,A1,A1,D7,D7,-
REG2025_0503,Declan Howells,Plant Science and Biotechnology,277,43,B3,C4,D7,E8,C6,B2,A1,C5,E8,C4,B2,-
REG2025_0504,Annette Atkins,Plant Science and Biotechnology,199,82,A1,A1,A1,D7,A1,C6,B3,A1,E8,D7,E8,-
REG2025_0505,Dr Samuel Rogers,Biochemistry,156,75,A1,A1,C4,F9,B2,B2,B2,C4,C4,C5,A1,-
REG2025_0506,Debra Spencer-Newman,Biochemistry,274,81,B3,B2,D7,C5,C4,C4,E8,E8,A1,C6,B3,Computer Science
REG2025_0507,Marcus Jones,Industrial Chemistry,157,48,C4,C5,A1,B2,A1,B3,B2,A1,A1,C6,C5,-
REG2025_0508,Deborah Mason,Industrial Chemistry,182,91,B3,A1,C5,C4,F9,B2,B2,C4,F9,A1,A1,-
REG2025_0509,Frances Moran,Biochemistry,240,33,C4,C4,C4,F9,C5,A1,B3,B3,E8,A1,C6,-
REG2025_0510,Sandra Price,Industrial Chemistry,268,52,C5,C6,C6,C5,B2,C5,A1,E8,B2,F9,F9,-
REG2025_0511,Dr Sian Bray,Mathematics and Statistics,165,73,B2,C5,A1,F9,A1,C5,A1,A1,D7,C4,E8,-
REG2025_0512,Miss Yvonne Cox,Industrial Chemistry,226,33,C5,B3,C5,C4,E8,B3,C6,C5,A1,B2,A1,-
REG2025_0513,Gregory Watson,Applied Physics,171,100,C5,C6,C5,E8,B3,A1,C5,F9,C4,B3,B3,-
REG2025_0514,Geoffrey Booth,Applied Physics,194,30,B2,C6,C6,A1,A1,C4,B2,B3,C4,B3,C5,-
REG2025_0515,Patrick Morgan,Mathematics and Statistics,197,46,B2,C5,C6,B3,F9,B2,C5,C4,A1,B2,C6,-
REG2025_0516,Denis Clarke-Clarke,Applied Physics,239,87,C6,C6,C6,D7,E8,C5,F9,C6,C6,C6,D7,Microbiology
REG2025_0517,Dr Terence Hayward,Mathematics and Statistics,243,92,C4,A1,C4,B2,E8,D7,B2,B2,C5,C5,C4,Computer Science
REG2025_0518,Guy Campbell-Cooper,Biochemistry,250,30,C4,C6,A1,B3,D7,A1,C4,F9,C4,C6,E8,-
REG2025_0519,Miss Ann Evans,Biochemistry,266,80,C5,C4,C5,B3,B2,D7,C5,B2,B3,B2,B2,Computer Science
REG2025_0520,Mr Samuel Rogers,Plant Science and Biotechnology,252,35,C5,C6,D7,B2,E8,C5,C4,A1,B2,A1,C4,-
REG2025_0521,Miss Sharon Moore,Industrial Chemistry,218,39,B3,C5,B2,C6,E8,B3,B3,D7,E8,C5,B3,-
REG2025_0522,Brenda Shaw,Plant Science and Biotechnology,175,79,B2,C5,F9,B3,B3,B3,F9,C5,C5,C4,B3,-
REG2025_0523,Norman Barker,Microbiology,198,73,B3,C6,C4,D7,C5,F9,C5,D7,B3,B2,F9,-
REG2025_0524,Mr Abdul Holmes,Industrial Chemistry,153,97,C6,C6,A1,A1,C6,C6,E8,C4,E8,E8,B2,-
REG2025_0525,Debra Holden,Industrial Chemistry,212,50,C4,B3,C4,D7,C5,B3,C4,F9,B2,B3,A1,-
REG2025_0526,Neil Wade-Green,Biochemistry,240,55,C5,B2,B2,B2,A1,A1,B3,D7,D7,C5,B2,-
REG2025_0527,Margaret Simpson,Plant Science and Biotechnology,285,87,C6,C4,C5,A1,C4,B3,B2,C5,C4,B2,B3,Computer Science
REG2025_0528,Grace Skinner,Animal and Environmental Biology,157,51,C4,C6,C4,E8,C6,B3,A1,C6,C5,D7,E8,-
REG2025_0529,Frank Rice,Microbiology,263,40,A1,B2,D7,F9,A1,A1,C4,A1,A1,B2,F9,-
REG2025_0530,Clifford Evans,Biochemistry,209,59,B2,C5,B2,C6,C5,B3,D7,C6,B2,E8,B2,-
REG2025_0531,Alison Brown-Adams,Plant Science and Biotechnology,266,75,C5,C4,E8,A1,D7,F9,B2,A1,C5,C6,C4,-
REG2025_0532,Alex Smith,Industrial Chemistry,209,57,B2,C6,D7,C5,B2,F9,D7,F9,C6,B2,B3,-
REG2025_0533,Rita Kay,Physics,251,91,B3,B3,A1,A1,C5,C4,C6,E8,D7,A1,C6,Computer Science
REG2025_0534,Derek Baker,Computer Science,173,74,A1,B3,B2,B3,B2,A1,C6,D7,A1,C6,A1,-
REG2025_0535,Mr Elliot Ferguson,Microbiology,273,100,B3,B2,B3,C4,B2,B3,F9,B2,C5,B3,C6,Computer Science
REG2025_0536,Kevin Smith,Plant Science and Biotechnology,265,64,C6,B3,E8,C6,C6,C4,C6,F9,C5,D7,E8,Mathematics and Statistics
REG2025_0537,Dr Alexander Thorpe,Computer Science,294,79,B2,B3,F9,C6,C6,C6,E8,D7,E8,C6,B3,Computer Science
REG2025_0538,Josephine Smith,Industrial Chemistry,208,60,C4,C5,C4,C4,A1,D7,F9,C4,B2,A1,C5,Animal and Environmental Biology
REG2025_0539,Dr Kathryn Williamson,Plant Science and Biotechnology,232,71,B3,C5,C4,C4,B2,F9,C5,C6,C5,C4,C4,Microbiology
REG2025_0540,Ms Marie Sanders,Animal and Environmental Biology,212,40,C5,A1,F9,D7,E8,C5,A1,F9,C5,B2,A1,-
REG2025_0541,Alan Dean,Applied Physics,269,36,B3,C6,C5,A1,C5,C4,C6,D7,E8,B2,E8,-
REG2025_0542,Mrs Gail Dean,Applied Physics,275,39,C5,B3,A1,C5,F9,D7,A1,C4,B2,B2,F9,-
REG2025_0543,Miss Amy Clarke,Microbiology,166,73,B3,B2,A1,C5,C4,D7,A1,B3,A1,A1,E8,-
REG2025_0544,Emily Cook,Physics,254,63,C4,A1,F9,C5,F9,C5,F9,C5,A1,F9,D7,Animal and Environmental Biology
REG2025_0545,Sharon Fowler,Applied Physics,245,85,C6,A1,E8,A1,D7,C6,F9,A1,B2,B2,B3,Computer Science
REG2025_0546,Samantha Smith,Microbiology,154,33,A1,B2,C4,C6,A1,D7,C6,E8,B2,D7,C6,-
REG2025_0547,Jenna Richardson,Applied Physics,251,86,C4,B2,C4,C6,C4,D7,C6,B2,A1,C6,D7,Computer Science
REG2025_0548,Hayley Williams-Wood,Animal and Environmental Biology,299,31,B2,B3,C4,B3,C5,B2,C4,C6,A1,C5,B3,-
REG2025_0549,Joel Freeman,Biochemistry,197,60,B2,C5,B3,A1,B3,B3,D7,D7,B3,A1,B2,-
REG2025_0550,Hazel Hardy-Whittaker,Microbiology,287,95,A1,C6,C5,C5,F9,D7,B3,C6,D7,B3,D7,Computer Science
REG2025_0551,Dr Alan Howells,Industrial Chemistry,192,85,B3,B3,C6,C5,B2,B2,B3,D7,C4,D7,D7,-
REG2025_0552,Dr Brenda Cooper,Computer Science,188,46,C6,A1,F9,E8,B3,D7,A1,D7,D7,E8,F9,-
REG2025_0553,Mr Toby Wilkinson,Biochemistry,228,45,B2,B3,F9,B2,B3,B3,A1,E8,A1,B3,B2,-
REG2025_0554,Douglas Pearson,Applied Physics,244,52,C5,C6,C6,F9,D7,B2,B2,C5,C5,E8,B2,-
REG2025_0555,Kelly Stewart-Carey,Mathematics and Statistics,190,73,C4,C6,A1,C6,C5,E8,C6,A1,B3,E8,C6,-
REG2025_0556,Christian Harvey,Industrial Chemistry,196,57,B2,C6,E8,E8,C5,C4,B3,C6,F9,C5,E8,-
REG2025_0557,Tom Jones,Applied Physics,255,98,C4,B3,D7,C5,E8,B3,B2,C4,E8,A1,B2,Computer Science
REG2025_0558,Mark Walker,Mathematics and Statistics,228,50,C5,C5,B2,E8,B3,C6,A1,C6,A1,B2,C4,-
REG2025_0559,Miss Jean Jones,Microbiology,285,81,A1,B3,F9,B3,B2,B3,C4,F9,B2,F9,F9,Computer Science
REG2025_0560,Mr Justin Lawrence,Computer Science,212,31,C6,C6,B3,E8,B2,C6,B3,F9,C4,C4,B3,-
REG2025_0561,Joanne Evans,Computer Science,195,69,B2,A1,E8,C6,B2,A1,C6,E8,B2,C4,C5,-
REG2025_0562,Maria Atkinson,Mathematics and Statistics,293,37,C6,B3,A1,C6,D7,B2,B2,B3,C5,B2,C4,-
REG2025_0563,Glen Davies,Physics,267,49,B2,C6,D7,C5,C6,D7,C4,B3,A1,C4,C6,-
REG2025_0564,Sian Hooper,Microbiology,155,89,A1,B3,E8,C6,B2,B2,A1,E8,D7,C5,D7,-
REG2025_0565,Tina Wood-Akhtar,Industrial Chemistry,157,92,C6,A1,B2,F9,B3,B3,F9,A1,B2,F9,A1,-
REG2025_0566,Ms Valerie Blackburn,Plant Science and Biotechnology,150,57,B3,B3,A1,F9,A1,C5,B2,C5,A1,C6,D7,-
REG2025_0567,Janice Doyle-Hardy,Applied Physics,241,44,C6,B2,E8,E8,C4,B3,D7,D7,D7,A1,A1,-
REG2025_0568,Gary Brown,Animal and Environmental Biology,180,99,C4,C5,C6,C5,D7,C5,B3,D7,C5,C5,D7,-
REG2025_0569,Mr Ian Gray,Computer Science,247,98,A1,C5,C6,A1,F9,B2,D7,C5,C4,F9,F9,Computer Science
REG2025_0570,Brandon Banks,Computer Science,244,30,B3,A1,C4,C4,C6,B3,F9,E8,D7,B3,D7,-
REG2025_0571,Alex Williams,Microbiology,250,96,C4,C4,B3,D7,B2,E8,B3,B2,B2,C6,C5,Computer Science
REG2025_0572,Ronald Evans,Mathematics and Statistics,234,100,C4,B2,C5,B2,E8,F9,E8,C4,B2,C4,C5,Microbiology
REG2025_0573,Jean Kennedy,Mathematics and Statistics,259,64,A1,C6,C6,C4,A1,F9,C5,C5,E8,A1,A1,Mathematics and Statistics
REG2025_0574,Kieran Arnold,Applied Physics,156,63,B3,A1,A1,E8,E8,C4,C6,B2,F9,C5,C4,-
REG2025_0575,Ms Jemma Hill,Physics,152,94,C5,C6,A1,E8,D7,B3,B3,C6,B3,C4,C4,-
REG2025_0576,Sara Collins-Hooper,Physics,230,78,A1,C5,D7,E8,F9,F9,D7,C6,F9,F9,B3,-
REG2025_0577,Sophie Baxter,Biochemistry,298,72,C5,B3,B2,F9,E8,F9,C4,C5,E8,C4,C5,-
REG2025_0578,Jasmine Bell-Johnson,Plant Science and Biotechnology,216,31,A1,B2,C6,C5,C4,E8,D7,E8,B2,B3,C5,-
REG2025_0579,Dr Shaun Dean,Animal and Environmental Biology,152,35,B3,C5,A1,A1,B2,C4,F9,A1,C5,B3,D7,-
REG2025_0580,Bruce Humphries,Physics,205,71,C5,C5,F9,E8,C5,A1,C4,B3,C4,E8,B2,Mathematics and Statistics
REG2025_0581,Miss Beth Harrison,Applied Physics,276,66,C5,B3,A1,B2,E8,E8,B2,A1,B2,F9,C6,Applied Physics
REG2025_0582,Bethan Bell,Mathematics and Statistics,211,58,C5,C4,C6,A1,B2,B3,C4,F9,A1,E8,F9,-
REG2025_0583,Jane Brown,Computer Science,177,73,A1,C6,C4,B2,C5,C5,A1,A1,F9,C6,C4,-
REG2025_0584,Ms Irene Davies,Applied Physics,161,49,C6,B2,A1,B3,C6,F9,E8,F9,E8,C5,C4,-
REG2025_0585,Michelle Murray,Applied Physics,257,52,B3,A1,C6,F9,D7,B3,B2,A1,C4,C4,C6,-
REG2025_0586,Shane Barnes,Plant Science and Biotechnology,262,65,B3,A1,C5,F9,C4,C5,B2,C5,B3,C5,F9,Industrial Chemistry
REG2025_0587,Alan Smith,Physics,218,73,A1,A1,E8,B2,F9,C4,E8,C6,A1,B3,C6,Applied Physics
REG2025_0588,Amy Evans,Physics,193,100,A1,A1,C4,A1,C4,E8,C6,D7,C4,B2,A1,-
REG2025_0589,Stuart Green-Miah,Plant Science and Biotechnology,264,69,A1,A1,B2,D7,D7,C5,C4,F9,C5,B2,B3,Physics
REG2025_0590,Charlotte Hayes-Cox,Plant Science and Biotechnology,277,40,B3,C5,C6,F9,C4,B2,C6,C4,D7,A1,A1,-
REG2025_0591,Joseph Norman,Biochemistry,192,37,A1,C4,F9,C4,C5,B3,B3,A1,A1,C5,A1,-
REG2025_0592,Diana Patel,Microbiology,265,50,C4,A1,B2,F9,C6,D7,E8,C6,B3,D7,D7,-
REG2025_0593,Ms Kerry Willis,Industrial Chemistry,244,53,B2,A1,B3,E8,C5,C4,D7,B2,F9,A1,E8,-
REG2025_0594,Denis Wheeler,Computer Science,160,64,C6,C5,B2,C4,C5,C4,F9,B3,E8,C5,B3,-
REG2025_0595,Jeremy Smith-Lloyd,Microbiology,201,92,C4,B2,B2,A1,B2,B2,E8,C5,E8,B2,B3,Plant Science and Biotechnology
REG2025_0596,Joyce Humphreys-Woods,Microbiology,228,97,A1,C4,B3,E8,F9,D7,C6,F9,C6,D7,C5,-
REG2025_0597,Julie Wallace,Applied Physics,217,35,C4,B3,A1,A1,F9,F9,C4,A1,A1,B2,C4,-
REG2025_0598,Kim Johnson,Computer Science,300,68,B2,A1,D7,C4,C6,B2,A1,C5,C6,E8,F9,Physics
REG2025_0599,Dr Francis Harris,Physics,164,61,A1,C4,C5,D7,D7,D7,B2,C4,B2,C5,B2,-
REG2025_0600,Dr Peter Singh,Plant Science and Biotechnology,255,49,C4,B2,E8,B2,E8,D7,C6,B3,C6,E8,A1,-
REG2025_0601,Georgina Rose,Biochemistry,256,76,B2,B2,B2,B3,C6,C4,E8,C5,C5,B2,C5,Computer Science
REG2025_0602,Leigh Middleton,Industrial Chemistry,171,56,C6,A1,C4,C4,B2,C5,A1,B3,E8,B3,B2,-
REG2025_0603,Miss Elaine Dennis,Mathematics and Statistics,167,46,C6,B3,F9,A1,B2,E8,E8,C6,C4,B3,C6,-
REG2025_0604,Dr Cheryl Holmes,Biochemistry,222,88,B2,C4,C5,B3,B3,C6,D7,A1,E8,D7,C5,Physics
REG2025_0605,Wayne Brooks-Williams,Biochemistry,172,35,B3,C4,E8,B2,B2,A1,B3,C6,C6,C5,C5,-
REG2025_0606,Maureen Kent,Physics,191,98,A1,C4,C4,D7,C5,B2,C4,C4,B2,E8,F9,-
REG2025_0607,Christine Patel,Computer Science,262,46,C6,A1,C6,F9,E8,E8,C4,B3,C4,C6,C5,-
REG2025_0608,Ronald Cooper,Microbiology,234,65,C4,C4,C6,F9,C6,D7,C5,C6,F9,B3,C6,Industrial Chemistry
REG2025_0609,Dr Alice Barton,Physics,162,52,B3,C6,A1,C4,C5,C5,F9,D7,C4,B2,D7,-
REG2025_0610,Raymond Douglas,Biochemistry,278,80,C6,B3,B2,C4,C5,C6,D7,C6,B3,B3,C4,Computer Science
REG2025_0611,Mandy Lynch-James,Microbiology,204,40,B2,B3,C4,D7,B2,B2,C6,B3,F9,C6,C6,-
REG2025_0612,Ms Molly Williams,Physics,205,49,C4,B2,E8,C5,D7,B2,B3,B2,C6,F9,B3,-
REG2025_0613,Katy Connolly,Microbiology,171,96,A1,C5,C6,A1,C5,B3,C4,C6,E8,E8,C6,-
REG2025_0614,Dr Carolyn Saunders,Biochemistry,286,64,C4,C5,D7,B3,B2,B2,B2,C4,C4,C6,D7,Mathematics and Statistics
REG2025_0615,Wayne Watson,Applied Physics,264,37,B3,A1,C5,B3,E8,C6,C4,C4,C6,B2,C6,-
REG2025_0616,Mrs Barbara Collins,Animal and Environmental Biology,256,35,C6,C6,C4,B2,C4,B3,F9,C4,C6,F9,C4,-
REG2025_0617,Kevin Cole,Animal and Environmental Biology,221,44,B3,B2,A1,C4,E8,B2,B3,B3,B3,B3,C5,-
REG2025_0618,Christopher Smith,Microbiology,155,72,A1,C6,C4,F9,E8,F9,B3,B2,F9,C6,C4,-
REG2025_0619,Lee Watson,Microbiology,157,81,A1,C4,C6,B2,A1,D7,F9,D7,D7,D7,B3,-
REG2025_0620,Maurice King,Plant Science and Biotechnology,292,81,B3,A1,D7,C4,B3,A1,F9,A1,F9,C5,C5,Computer Science
REG2025_0621,Elaine Day,Animal and Environmental Biology,177,32,B3,A1,C4,B3,F9,B2,C6,A1,D7,B2,B2,-
REG2025_0622,Garry Francis,Microbiology,272,87,B2,A1,D7,C6,B3,D7,F9,E8,D7,C5,B3,Computer Science
REG2025_0623,Jean Perkins,Applied Physics,181,42,B3,C5,B2,F9,B3,C4,D7,B3,B3,C6,B3,-
REG2025_0624,Dr Iain Barber,Animal and Environmental Biology,211,40,B3,C4,A1,B3,F9,B2,A1,E8,D7,A1,C5,-
REG2025_0625,Diane Jones,Industrial Chemistry,238,46,B3,C5,C5,A1,C6,D7,B3,D7,E8,D7,C6,-
REG2025_0626,Albert Cook-Richardson,Animal and Environmental Biology,216,40,C6,C4,A1,C6,A1,E8,C6,C6,F9,A1,D7,-
REG2025_0627,Dr Danny Mitchell,Computer Science,255,84,C4,B2,D7,A1,C4,B3,C6,C4,A1,B3,F9,Computer Science
REG2025_0628,Dr Emma Goodwin,Animal and Environmental Biology,221,94,C5,A1,C4,C5,D7,C5,D7,D7,C4,C5,C5,Physics
REG2025_0629,Gregory Stevens-Taylor,Microbiology,159,91,A1,B3,F9,C5,B2,C6,C5,F9,C6,C5,C6,-
REG2025_0630,Mr Carl Payne,Biochemistry,206,43,B3,B2,A1,C4,A1,E8,F9,C5,C6,F9,B2,-
REG2025_0631,Dr Glen Jarvis,Plant Science and Biotechnology,188,46,C4,C6,A1,C4,C6,C4,B2,C4,F9,C5,A1,-
REG2025_0632,Jane Bird,Industrial Chemistry,253,83,B2,B2,B2,E8,A1,B2,B3,D7,F9,F9,D7,Computer Science
REG2025_0633,Mr Keith O'Brien,Computer Science,185,61,C6,C5,C5,C6,B2,C5,A1,F9,C4,A1,B3,-
REG2025_0634,Brenda Smith,Applied Physics,200,96,C4,A1,C4,C4,E8,B3,B3,F9,D7,C4,B2,Plant Science and Biotechnology
REG2025_0635,Dr Holly Kay,Physics,205,75,B2,C4,D7,B2,F9,C5,C4,B3,B2,F9,C6,Mathematics and Statistics
REG2025_0636,Dr Philip Smith,Plant Science and Biotechnology,287,50,C6,B2,C6,F9,B2,B2,C5,E8,C5,A1,C5,-
REG2025_0637,Ms Jasmine Mitchell,Biochemistry,290,83,B2,C4,C5,B2,D7,C6,A1,E8,E8,A1,C4,Computer Science
REG2025_0638,Marilyn Birch-Lewis,Mathematics and Statistics,177,52,C4,C6,D7,C5,D7,C6,B2,B2,C4,C5,F9,-
REG2025_0639,Frank Robertson,Applied Physics,161,36,C5,B2,A1,C4,F9,C6,B2,B3,B3,B2,F9,-
REG2025_0640,Kevin Hardy,Applied Physics,256,83,C4,B2,C6,F9,F9,C5,C4,F9,D7,B3,E8,Computer Science
REG2025_0641,Dennis King-Bibi,Physics,219,31,B2,B2,B2,A1,E8,A1,B3,B2,C6,B3,D7,-
REG2025_0642,Robin Evans,Computer Science,183,40,C6,C5,B2,B3,A1,C5,E8,C6,B2,A1,C6,-
REG2025_0643,Martin Wilson,Industrial Chemistry,255,74,B3,C4,B3,A1,D7,B3,C5,B2,F9,C4,F9,Microbiology
REG2025_0644,Rachel Bishop,Plant Science and Biotechnology,194,43,A1,B3,C5,D7,C5,B3,C5,A1,B2,B3,C4,-
REG2025_0645,Donna Bradley-Weston,Computer Science,161,68,C5,C4,B3,F9,D7,D7,E8,C4,E8,C5,C5,-
REG2025_0646,Annette Dickinson-O'Brien,Computer Science,292,76,C4,C5,A1,B3,D7,A1,E8,B2,E8,F9,C6,Computer Science
REG2025_0647,Melanie Douglas,Animal and Environmental Biology,164,95,B3,C4,C5,C5,B2,C4,E8,C5,F9,C6,B2,-
REG2025_0648,Francesca Davis,Computer Science,294,84,B3,A1,E8,C5,D7,F9,E8,A1,C4,C5,C6,-
REG2025_0649,Jacqueline Shah,Mathematics and Statistics,177,70,C6,B2,C4,D7,E8,C4,C5,B2,A1,C5,D7,-
REG2025_0650,Stephen Jones,Applied Physics,183,96,B2,C4,B2,F9,A1,C4,D7,C5,B3,E8,A1,-
REG2025_0651,Margaret Porter,Physics,281,37,A1,B2,A1,E8,C5,E8,E8,A1,C5,E8,F9,-
REG2025_0652,Kim Byrne,Mathematics and Statistics,164,71,C5,B2,B2,A1,B3,E8,F9,A1,D7,B2,B3,-
REG2025_0653,Dr Mark Edwards,Microbiology,240,80,B3,B2,B2,D7,C6,B3,C5,E8,C4,E8,F9,Computer Science
REG2025_0654,Declan Spencer,Physics,152,89,C4,C4,C5,C5,C6,C6,C4,E8,D7,F9,B2,-
REG2025_0655,Jayne Thompson,Microbiology,277,92,B3,B2,F9,F9,A1,C5,F9,C4,E8,E8,A1,Computer Science
REG2025_0656,Helen Young-Turner,Applied Physics,264,44,A1,C5,C4,F9,E8,B2,C6,F9,C6,B3,E8,-
REG2025_0657,Marc Connolly,Biochemistry,167,97,C4,B3,F9,C5,D7,A1,F9,A1,C5,C6,C4,-
REG2025_0658,Naomi Atkins,Mathematics and Statistics,214,60,B3,C5,C6,E8,C5,A1,C4,C5,C4,C4,B3,Animal and Environmental Biology
REG2025_0659,Yvonne Green,Animal and Environmental Biology,213,88,A1,A1,B2,B2,B2,D7,A1,B3,E8,A1,C4,Industrial Chemistry
REG2025_0660,Tracy Walker,Animal and Environmental Biology,240,36,B2,C4,C6,A1,B2,B3,A1,B3,C5,F9,C5,-
REG2025_0661,Dr Gemma Harrison,Physics,267,32,C4,C6,C5,A1,B3,F9,D7,D7,C5,F9,F9,-
REG2025_0662,Brenda Lawrence,Industrial Chemistry,228,69,C6,B2,B3,C6,D7,C4,C5,B3,B2,C6,A1,Physics
REG2025_0663,Mrs Lisa Barber,Biochemistry,150,76,B3,A1,A1,C4,E8,D7,F9,B2,E8,D7,F9,-
REG2025_0664,Neil Jenkins,Computer Science,186,78,C6,B2,F9,B3,C4,C6,A1,C5,C6,C5,C5,-
REG2025_0665,Josephine Powell-Allen,Biochemistry,278,57,C5,B3,D7,B2,E8,B3,C6,A1,B2,D7,B2,-
REG2025_0666,Lisa Coleman,Biochemistry,273,35,C4,A1,E8,C4,A1,C6,B2,F9,F9,B3,C5,-
REG2025_0667,Anna Bartlett-Miller,Applied Physics,158,77,A1,A1,A1,B2,B3,C6,F9,A1,A1,B2,F9,-
REG2025_0668,Charlie Lee,Applied Physics,164,53,A1,C6,B3,C6,D7,A1,C4,E8,C6,D7,B2,-
REG2025_0669,Charles Wright-Davey,Microbiology,179,75,C5,C6,E8,C6,C5,D7,C4,B2,C4,B2,F9,-
REG2025_0670,Mrs Ann Jones,Computer Science,220,78,C5,B2,C4,C5,B3,C5,B2,A1,C4,B2,C5,Physics
REG2025_0671,Ms Holly Henry,Industrial Chemistry,231,47,B2,A1,B2,C6,C4,C4,C4,E8,B2,F9,A1,-
REG2025_0672,Mandy Jarvis,Plant Science and Biotechnology,162,69,C6,B2,C5,E8,B2,B2,D7,B3,D7,E8,E8,-
REG2025_0673,Phillip Spencer,Biochemistry,178,54,B3,C4,B2,B3,A1,C6,C4,B2,B2,B2,A1,-
REG2025_0674,Dr Vincent Walsh,Industrial Chemistry,237,30,A1,B2,C5,C4,E8,B2,C4,B2,C6,C4,D7,-
REG2025_0675,Katy Phillips,Microbiology,174,68,C5,C4,D7,C6,B2,B3,B2,A1,C5,E8,C4,-
REG2025_0676,Gerard Porter-Taylor,Biochemistry,174,61,A1,C6,C4,C6,C6,B3,D7,B2,F9,D7,C5,-
REG2025_0677,Leslie Rogers-Marshall,Mathematics and Statistics,206,89,C6,C5,C4,A1,F9,E8,C6,D7,B3,C4,E8,Mathematics and Statistics
REG2025_0678,Dr Mohammed Clarke,Plant Science and Biotechnology,182,67,C4,B3,A1,A1,B3,A1,C5,B2,C4,A1,C6,-
REG2025_0679,Melissa Wright-Davison,Applied Physics,262,51,B2,C5,D7,B3,B2,D7,A1,B3,D7,C4,C5,-
REG2025_0680,Miss Gail Herbert,Plant Science and Biotechnology,282,50,B3,C5,B2,B3,B2,B2,F9,C6,C6,F9,E8,-
REG2025_0681,Mr Lawrence Hyde,Computer Science,180,35,C5,B2,B3,E8,F9,C6,B3,F9,B3,B3,B3,-
REG2025_0682,Zoe Hodgson-Humphreys,Microbiology,253,31,B3,B3,B3,D7,E8,C4,C4,C6,B3,F9,E8,-
REG2025_0683,Mr Joe Hyde,Plant Science and Biotechnology,154,66,B3,B3,B2,B2,D7,D7,B2,C6,C4,C5,B2,-
REG2025_0684,Jean Hewitt,Microbiology,175,69,B3,B3,C6,C6,C5,C4,B2,C4,C6,D7,C4,-
REG2025_0685,Dr Stewart Smith,Microbiology,245,96,C6,C5,C5,C6,A1,B3,C5,B3,B3,B2,A1,Computer Science
REG2025_0686,Ms Ruth Holden,Applied Physics,179,92,C6,C5,B2,A1,C6,C6,A1,C4,C4,F9,C4,-
REG2025_0687,Dr Clive Holland,Applied Physics,161,43,B2,B2,A1,C6,F9,C6,C5,D7,D7,C4,F9,-
REG2025_0688,Ruth Matthews,Biochemistry,231,85,A1,C6,B3,C6,C6,C4,E8,A1,C5,B3,B3,Microbiology
REG2025_0689,Linda Todd,Biochemistry,181,53,B3,B3,E8,F9,F9,E8,D7,A1,B3,C5,D7,-
REG2025_0690,Sarah Sullivan,Microbiology,180,39,C6,C6,C4,C6,B2,C6,D7,D7,E8,C5,A1,-
REG2025_0691,Stewart Smith-Donnelly,Biochemistry,176,32,C6,B2,B2,F9,C4,C5,D7,B2,B2,F9,B3,-
REG2025_0692,Carole Webb,Computer Science,171,81,C5,C5,B3,C5,A1,D7,A1,C4,D7,C5,D7,-
REG2025_0693,Francesca Reynolds,Plant Science and Biotechnology,213,83,C4,C6,D7,B3,C6,E8,B3,F9,C5,C4,B2,Industrial Chemistry
REG2025_0694,Mr Glenn Wright,Computer Science,235,65,B2,C4,B2,E8,C5,C6,A1,C4,B3,C5,C4,Industrial Chemistry
REG2025_0695,Dr Jamie Wilson,Applied Physics,198,33,C5,B2,C5,D7,B3,E8,D7,C4,A1,B2,D7,-
REG2025_0696,Justin Rees-Owens,Mathematics and Statistics,186,77,C4,B3,E8,D7,C6,F9,C4,B3,D7,C6,C4,-
REG2025_0697,Elliott Hancock,Computer Science,191,95,B3,C4,A1,F9,C6,D7,D7,D7,B2,B2,B2,-
REG2025_0698,Mr Eric Brown,Computer Science,212,86,C5,C6,C4,B3,C5,C6,C4,C5,F9,C5,E8,Industrial Chemistry
REG2025_0699,Gary Andrews,Plant Science and Biotechnology,248,38,A1,C6,C4,C4,B3,C4,D7,F9,D7,B2,C6,-
REG2025_0700,Mr Francis Wilson,Computer Science,175,50,B3,B3,C4,C5,B2,C6,E8,C5,A1,D7,C4,-
REG2025_0701,Gregory Quinn-Hunt,Physics,162,37,B2,B2,B3,B2,D7,A1,C5,C4,A1,C4,A1,-
REG2025_0702,Tina Phillips,Computer Science,248,55,C6,C6,D7,B2,B3,E8,C6,F9,C6,D7,F9,-
REG2025_0703,Nigel Pritchard,Applied Physics,153,38,C6,B2,C5,C5,C4,E8,C4,F9,C5,C4,B2,-
REG2025_0704,Mr Shane Watkins,Mathematics and Statistics,298,98,B3,C4,C5,B2,D7,C4,C6,B2,D7,B3,D7,Computer Science
REG2025_0705,Phillip Spencer,Applied Physics,158,78,B2,B3,C4,A1,E8,B3,A1,C4,E8,C6,B3,-
REG2025_0706,Katie Murphy,Industrial Chemistry,156,67,A1,C4,D7,F9,B3,A1,B3,A1,C6,E8,A1,-
REG2025_0707,Robin Hill-Morris,Mathematics and Statistics,173,56,B3,B3,B3,F9,E8,B2,E8,E8,F9,B2,C4,-
REG2025_0708,Malcolm Evans,Industrial Chemistry,163,44,B2,C4,B3,E8,C5,B3,E8,B2,B3,D7,C4,-
REG2025_0709,Charlie Murray,Computer Science,276,59,C4,C6,E8,A1,E8,B2,F9,C6,C5,C5,B3,-
REG2025_0710,Rosemary Turner-Phillips,Microbiology,257,36,C5,B3,A1,C6,C6,E8,D7,B2,C6,F9,B3,-
REG2025_0711,Sharon Jenkins-Wallace,Biochemistry,243,94,C5,C4,B2,F9,A1,C5,C6,C5,C5,B3,B3,Computer Science
REG2025_0712,Tony Goodwin,Physics,208,88,B2,C5,B3,F9,C5,B3,C6,C6,C6,B3,E8,Mathematics and Statistics
REG2025_0713,Damien Schofield,Microbiology,196,78,C5,B2,F9,B3,C4,D7,E8,C6,D7,B2,B3,-
REG2025_0714,Rosemary Jones,Physics,152,77,C4,B2,F9,B2,A1,C5,C4,B2,D7,C4,C4,-
REG2025_0715,Anna Griffiths,Animal and Environmental Biology,155,97,C4,C4,B2,D7,E8,A1,F9,C6,F9,C6,B3,-
REG2025_0716,Miss Jayne Chapman,Industrial Chemistry,154,43,B3,C5,C4,D7,A1,C5,B3,C4,B2,B3,D7,-
REG2025_0717,Molly Bell,Animal and Environmental Biology,258,80,B2,A1,E8,E8,C6,A1,E8,C6,B2,C5,A1,Computer Science
REG2025_0718,James Higgins,Animal and Environmental Biology,196,58,B2,C6,B2,F9,B2,C5,C5,C6,C4,C6,C5,-
REG2025_0719,Dr Oliver Reid,Industrial Chemistry,220,52,B3,B3,F9,E8,E8,C6,C5,C5,B2,D7,E8,-
REG2025_0720,Ben White,Microbiology,278,36,B3,C5,A1,C4,B3,E8,D7,C6,F9,C5,B2,-
REG2025_0721,Joyce Robinson,Mathematics and Statistics,227,98,A1,C6,B3,A1,C4,E8,B3,B2,E8,F9,C6,Biochemistry
REG2025_0722,Barbara Patel,Microbiology,217,65,A1,C5,C5,C4,E8,D7,B2,C5,A1,E8,C6,Industrial Chemistry
REG2025_0723,Vanessa Dawson,Microbiology,220,58,A1,C6,E8,E8,C4,B3,C5,A1,C4,D7,D7,-
REG2025_0724,Vanessa Wright,Applied Physics,244,88,B3,C5,F9,B2,B2,B2,F9,F9,D7,C6,D7,Computer Science
REG2025_0725,Annette Howe,Mathematics and Statistics,295,89,B2,B2,A1,C5,C4,A1,A1,C6,D7,F9,C6,Computer Science
REG2025_0726,Kathleen Smith,Microbiology,261,63,C5,C4,D7,C5,B3,B2,C6,A1,D7,B3,D7,Animal and Environmental Biology
REG2025_0727,Mr Eric Walton,Physics,299,94,A1,C6,F9,D7,F9,C4,D7,C5,A1,C4,A1,-
REG2025_0728,Chloe Griffiths,Physics,248,73,B3,C5,C6,C5,E8,C4,B2,B2,C5,C6,C6,Microbiology
REG2025_0729,Declan Bell,Industrial Chemistry,206,86,B3,C4,B3,E8,D7,C6,A1,C5,B2,B3,F9,Mathematics and Statistics
REG2025_0730,Damian Morgan,Animal and Environmental Biology,277,51,B3,A1,C6,E8,C4,C5,B2,B2,C4,A1,E8,-
REG2025_0731,Tracey West,Computer Science,154,53,B3,A1,B2,A1,A1,E8,D7,B2,F9,C5,D7,-
REG2025_0732,Kevin Cameron,Computer Science,285,37,C5,C5,D7,A1,D7,C4,F9,A1,C6,B2,C4,-
REG2025_0733,Stephanie Wood-King,Physics,156,40,A1,C4,C6,C6,B3,B2,A1,C4,C4,D7,D7,-
REG2025_0734,Mr Julian Gill,Animal and Environmental Biology,284,86,B2,C4,F9,E8,E8,E8,B3,C6,F9,C5,D7,-
REG2025_0735,Stacey Byrne,Physics,166,50,A1,B2,B2,C6,F9,C4,C4,F9,E8,B3,C5,-
REG2025_0736,Lauren Slater,Microbiology,267,50,C5,B2,E8,E8,C5,A1,D7,D7,B2,B3,B2,-
REG2025_0737,Holly Oliver,Computer Science,222,50,A1,C6,E8,C6,B2,C4,E8,C6,C6,B3,C6,-
REG2025_0738,Mr Colin Smith,Microbiology,179,36,A1,C4,C4,C5,E8,A1,B2,E8,C6,F9,C4,-
REG2025_0739,Ms Ashleigh Wright,Applied Physics,211,43,B3,C4,C6,C4,B3,D7,C6,D7,D7,B2,B2,-
REG2025_0740,Declan North,Applied Physics,233,31,C4,C5,F9,C4,D7,F9,D7,C4,E8,A1,C4,-
REG2025_0741,Joyce Barber,Plant Science and Biotechnology,276,46,C5,B3,D7,C6,A1,E8,B3,D7,C5,D7,C5,-
REG2025_0742,Dr Timothy Cook,Mathematics and Statistics,263,53,C5,A1,E8,B3,C4,B3,E8,C5,C5,C5,E8,-
REG2025_0743,Jemma Morton,Physics,162,81,A1,C5,B3,B3,E8,E8,E8,B3,C4,F9,B2,-
REG2025_0744,Alice Collins,Industrial Chemistry,177,51,B2,C5,C5,E8,C5,C4,E8,E8,C4,F9,A1,-
REG2025_0745,Mrs Paige Williams,Physics,248,92,A1,B2,A1,B2,B2,C6,F9,C4,C6,F9,D7,Computer Science
REG2025_0746,Mrs Anne Bolton,Microbiology,249,47,B3,B3,D7,A1,B2,E8,B3,C5,F9,F9,B3,-
REG2025_0747,Stanley White,Computer Science,199,90,C5,B3,C5,E8,C5,B3,E8,C6,C5,D7,C6,-
REG2025_0748,Mr Lewis Lewis,Plant Science and Biotechnology,215,73,C4,C6,B3,C6,A1,D7,C6,F9,C6,C5,B3,Applied Physics
REG2025_0749,Bernard Finch,Microbiology,186,47,C4,C4,C4,C5,E8,E8,D7,B2,A1,C5,B2,-
REG2025_0750,Mr Graham Stevenson,Biochemistry,286,80,A1,B3,D7,D7,A1,A1,D7,D7,F9,E8,F9,Computer Science
REG2025_0751,Diana Wright,Plant Science and Biotechnology,223,88,C4,A1,E8,F9,D7,A1,E8,D7,D7,D7,C5,-
REG2025_0752,Fiona Day,Industrial Chemistry,200,70,C6,B2,B3,C5,D7,A1,C5,C4,B3,A1,E8,Plant Science and Biotechnology
REG2025_0753,Christian Fox-Walker,Microbiology,239,50,C4,C6,C4,D7,F9,C5,B2,C5,E8,A1,E8,-
REG2025_0754,Zoe King,Mathematics and Statistics,248,76,C6,A1,C6,B2,B2,D7,C5,B2,F9,D7,C5,Computer Science
REG2025_0755,Martyn Richards,Industrial Chemistry,276,67,C4,C4,C6,E8,F9,C5,D7,B2,E8,D7,D7,Applied Physics
REG2025_0756,Ryan Williams,Animal and Environmental Biology,273,96,C5,B2,C5,D7,B3,A1,A1,F9,C5,C5,F9,Computer Science
REG2025_0757,Russell Owen-Jones,Animal and Environmental Biology,254,66,A1,C6,C6,A1,B3,B3,C6,E8,C4,A1,B2,Applied Physics
REG2025_0758,Dr Brian Hunt,Industrial Chemistry,286,49,C4,B2,D7,A1,B3,A1,C5,E8,A1,C4,C6,-
REG2025_0759,Dean Turner-Marshall,Computer Science,290,74,B3,B3,F9,A1,A1,F9,B2,B3,C5,A1,B3,Microbiology
REG2025_0760,Miss Kimberley Taylor,Physics,290,74,C5,C6,B2,E8,C5,C5,C6,E8,B3,F9,C5,Microbiology
REG2025_0761,Mark Humphreys,Mathematics and Statistics,236,90,C4,C4,B2,F9,D7,B2,C5,B2,C4,B2,F9,Microbiology
REG2025_0762,Kathleen Higgins-Slater,Plant Science and Biotechnology,273,96,A1,C6,B3,C6,B2,E8,D7,A1,C4,A1,C5,Computer Science
REG2025_0763,Dr Paige Cooke,Plant Science and Biotechnology,226,70,B2,C5,F9,A1,B3,C5,C4,E8,B3,A1,B2,Biochemistry
REG2025_0764,Mrs Maureen Edwards,Applied Physics,291,87,A1,C5,A1,B3,B3,A1,C4,D7,D7,B3,C4,Computer Science
REG2025_0765,Abbie Webb,Microbiology,217,82,A1,B3,A1,C6,E8,C6,B3,B3,C5,B3,C6,Applied Physics
REG2025_0766,Megan Davey,Computer Science,257,74,A1,B2,E8,B3,C6,C4,F9,E8,B2,E8,F9,Microbiology
REG2025_0767,Miss Christine Ward,Mathematics and Statistics,171,77,C4,B3,D7,C4,C5,B3,D7,C4,C6,B2,B3,-
REG2025_0768,Mr Christopher Clarke,Biochemistry,288,86,B3,B2,D7,C5,D7,C6,C5,C4,C4,C5,A1,Computer Science
REG2025_0769,Joyce Taylor-Reed,Microbiology,247,62,B3,A1,C5,C4,C4,C6,E8,C5,B2,E8,C5,Animal and Environmental Biology
REG2025_0770,Cheryl Stevenson-Walker,Physics,277,31,B3,A1,C4,F9,C4,C4,B3,B2,E8,E8,C4,-
REG2025_0771,Dale Parker,Mathematics and Statistics,274,58,C4,C4,C4,D7,D7,A1,B3,E8,C5,F9,C4,-
REG2025_0772,Adrian Robinson,Microbiology,243,68,C4,C6,B2,E8,C6,B3,C6,F9,B3,C4,A1,Physics
REG2025_0773,Terence Black,Animal and Environmental Biology,271,58,C4,B2,C5,C6,A1,D7,C5,D7,B2,C6,C5,-
REG2025_0774,Dr Geoffrey Hill,Microbiology,218,87,A1,B3,B2,D7,C6,C6,A1,B3,C5,B3,C6,Applied Physics
REG2025_0775,Mr Kevin Fisher,Industrial Chemistry,253,63,C5,B3,C5,C4,C4,F9,A1,C4,C6,A1,F9,Animal and Environmental Biology
REG2025_0776,Katherine French,Physics,249,45,C5,B3,E8,C6,B2,A1,C5,B2,B2,F9,B3,-
REG2025_0777,Charlie Taylor,Computer Science,214,65,B2,C4,A1,B3,C6,E8,D7,A1,B2,A1,F9,Industrial Chemistry
REG2025_0778,Sara Smith,Computer Science,215,78,A1,B3,C4,C4,D7,C6,D7,C6,B2,B3,B2,Applied Physics
REG2025_0779,Dr Adrian Birch,Physics,161,65,C4,A1,E8,F9,E8,D7,E8,D7,A1,C4,E8,-
REG2025_0780,Mohamed Hodgson,Microbiology,175,37,B3,C5,A1,C6,D7,F9,E8,B2,E8,A1,C5,-
REG2025_0781,Jamie Young-Green,Plant Science and Biotechnology,209,94,B2,A1,F9,D7,F9,C6,C4,B2,C4,A1,F9,-
REG2025_0782,Mohammed Bennett,Industrial Chemistry,155,45,C6,A1,E8,F9,E8,B2,B3,C5,B3,C4,A1,-
REG2025_0783,Jodie Edwards-Ward,Mathematics and Statistics,211,33,C6,B3,C4,A1,B3,B3,F9,B3,C4,D7,B2,-
REG2025_0784,Dale Graham,Microbiology,245,75,B2,C6,B3,C6,C5,A1,C6,D7,B2,E8,B2,Computer Science
REG2025_0785,Ms Melanie Hammond,Applied Physics,289,44,C6,B3,A1,B3,C4,C6,B2,D7,E8,F9,F9,-
REG2025_0786,Miss Lisa Dawson,Biochemistry,260,88,A1,B3,F9,D7,A1,B3,C4,F9,A1,D7,C5,Computer Science
REG2025_0787,Malcolm Noble,Computer Science,228,98,B2,A1,C4,B3,B3,C6,C5,A1,F9,B2,E8,Biochemistry
REG2025_0788,Olivia Anderson,Biochemistry,199,100,C6,B2,C6,C4,A1,B3,C6,F9,B2,B3,B3,-
REG2025_0789,Rachel Wood,Animal and Environmental Biology,189,89,A1,B3,B3,D7,F9,E8,E8,B2,A1,C6,C5,-
REG2025_0790,Dr Terry Griffiths,Plant Science and Biotechnology,154,59,A1,C5,C5,E8,C4,C6,E8,C5,F9,F9,E8,-
REG2025_0791,Christopher Taylor,Computer Science,218,96,C5,A1,F9,B2,C4,A1,B2,C5,A1,B3,C4,Applied Physics
REG2025_0792,Derek Welch,Physics,171,93,B2,C6,A1,C4,C6,F9,C6,F9,A1,C5,F9,-
REG2025_0793,Steven Hardy,Biochemistry,271,64,B2,B3,A1,C5,B2,E8,E8,D7,B2,E8,E8,Mathematics and Statistics
REG2025_0794,Bryan Patel,Applied Physics,169,39,A1,A1,B3,C6,F9,F9,C4,C4,A1,D7,B2,-
REG2025_0795,Clare Wright,Mathematics and Statistics,242,52,C6,A1,C6,B3,A1,E8,A1,F9,F9,C5,C4,-
REG2025_0796,Bethany Jones,Plant Science and Biotechnology,210,83,B3,C6,E8,F9,F9,A1,F9,C6,D7,A1,B3,-
REG2025_0797,Kimberley Smith,Mathematics and Statistics,243,30,C4,B2,B2,A1,F9,B2,C4,A1,E8,D7,C4,-
REG2025_0798,Andrew James,Plant Science and Biotechnology,219,57,A1,C5,B3,C5,B3,A1,C5,B3,B3,B2,C4,-
REG2025_0799,Jeffrey Jones,Industrial Chemistry,196,69,B3,C4,B3,C5,E8,E8,B3,B2,F9,C6,B2,-
REG2025_0800,Miss Julie Watts,Biochemistry,157,82,B3,C6,B3,D7,A1,B2,C5,C4,B2,B3,E8,-
REG2025_0801,Patrick Thomas-Barber,Industrial Chemistry,262,96,A1,A1,C6,B2,C6,E8,F9,C6,D7,A1,E8,Computer Science
REG2025_0802,Sandra Hall-Griffin,Computer Science,289,80,C4,A1,F9,E8,D7,C6,A1,B3,E8,C6,D7,-
REG2025_0803,Abbie Rowley,Mathematics and Statistics,207,63,C4,B2,C4,C4,A1,A1,F9,C5,C5,D7,B2,Animal and Environmental Biology
REG2025_0804,Hilary Williams,Physics,215,72,A1,C5,B2,E8,E8,D7,B2,C4,C6,A1,E8,-
REG2025_0805,Kieran Lewis-Phillips,Computer Science,155,77,B2,C4,A1,C5,C5,F9,B3,F9,C6,A1,A1,-
REG2025_0806,Donna Norton,Applied Physics,239,49,C6,B2,B3,B2,E8,B3,B3,D7,B3,C4,C4,-
REG2025_0807,Dr Hollie Young,Plant Science and Biotechnology,205,60,C4,C5,E8,D7,E8,F9,D7,C5,B3,C5,D7,-
REG2025_0808,Tina Martin,Industrial Chemistry,227,72,C5,B3,F9,C5,D7,E8,B3,E8,C4,B3,C5,-
REG2025_0809,Ronald Fletcher,Mathematics and Statistics,206,87,C4,C5,A1,B3,D7,B2,B2,C5,E8,F9,F9,Mathematics and Statistics
REG2025_0810,Paula Cooke,Computer Science,297,65,A1,A1,C6,C4,B3,B2,B2,F9,C5,C4,D7,Industrial Chemistry
REG2025_0811,Sophie O'Connor,Computer Science,259,75,B2,C6,E8,C6,C6,A1,A1,C6,F9,F9,F9,Computer Science
REG2025_0812,Martin Reed,Industrial Chemistry,236,38,B2,B2,B3,B3,E8,E8,B3,C5,A1,C6,C5,-
REG2025_0813,Simon Ball,Industrial Chemistry,202,38,C4,B2,C6,A1,B2,C4,D7,F9,E8,B3,B2,-
REG2025_0814,Dr Ashley Harrison,Industrial Chemistry,203,42,C5,B3,F9,B2,E8,A1,E8,C6,C5,C4,A1,-
REG2025_0815,Natalie Clarke,Computer Science,230,71,A1,C6,F9,B2,F9,D7,B3,E8,E8,C5,F9,-
REG2025_0816,Shannon Kay,Biochemistry,190,93,C5,B2,E8,F9,C4,F9,F9,B2,C6,C4,B3,-
REG2025_0817,Gail Miller,Physics,266,46,B2,C4,C4,F9,B2,C6,C4,E8,F9,F9,D7,-
REG2025_0818,Dr Carl Cook,Computer Science,176,34,B2,B3,B3,C4,F9,D7,E8,E8,D7,B2,C5,-
REG2025_0819,Mr Kenneth Watson,Industrial Chemistry,260,73,C4,A1,C5,A1,F9,B2,F9,A1,B3,B3,B3,Microbiology
REG2025_0820,Danielle Taylor,Animal and Environmental Biology,193,40,B2,A1,C5,C4,B2,C5,C4,E8,F9,C4,A1,-
REG2025_0821,Gerald Dawson,Industrial Chemistry,275,53,A1,B2,A1,D7,B2,E8,D7,C5,B2,F9,C4,-
REG2025_0822,Martin Sharpe-Lawrence,Applied Physics,172,65,C5,B2,C6,C6,C5,F9,C5,C4,F9,D7,E8,-
REG2025_0823,Dr Francis Khan,Physics,285,73,A1,C5,E8,A1,A1,C5,C5,B3,A1,C4,C5,Microbiology
REG2025_0824,Bethany Jones,Biochemistry,252,80,C4,C5,D7,C5,A1,E8,C6,B3,D7,B2,F9,Computer Science
REG2025_0825,Zoe Sutton,Physics,292,92,B3,C4,A1,F9,E8,D7,C5,B3,B3,A1,C5,-
REG2025_0826,Harriet Cooper,Plant Science and Biotechnology,296,70,B3,C6,D7,F9,A1,C5,C4,C5,C6,C4,C5,Microbiology
REG2025_0827,Matthew White,Animal and Environmental Biology,209,61,C5,B3,B3,C4,F9,A1,C5,F9,C4,D7,A1,Animal and Environmental Biology
REG2025_0828,Dr Jade Moss,Mathematics and Statistics,208,90,C5,B2,B2,C4,C6,D7,C6,D7,F9,C6,A1,Mathematics and Statistics
REG2025_0829,Jennifer West-Cooper,Applied Physics,233,34,C5,C4,C6,C6,C5,C6,B3,C6,E8,B2,C6,-
REG2025_0830,Mr Aaron Brown,Applied Physics,261,36,C6,C5,E8,D7,D7,C5,D7,D7,D7,F9,C5,-
REG2025_0831,Gregory Smith,Microbiology,152,35,A1,A1,B3,C4,B2,C6,D7,C6,B3,E8,F9,-
REG2025_0832,John Bond,Applied Physics,229,85,B2,C4,D7,C6,C5,C5,E8,A1,E8,F9,D7,Biochemistry
REG2025_0833,Duncan Davies,Physics,280,42,A1,C4,B2,C6,C5,C6,A1,C5,C5,C5,C6,-
REG2025_0834,Mr Gareth Briggs,Animal and Environmental Biology,276,40,B3,B2,A1,E8,A1,C5,E8,F9,C5,F9,B3,-
REG2025_0835,Harriet Matthews,Mathematics and Statistics,205,89,C6,A1,E8,F9,C4,F9,D7,A1,A1,C5,B2,-
REG2025_0836,Miss Joanne Thompson,Computer Science,223,47,B3,B3,A1,B3,B3,C4,B3,C4,C6,B2,E8,-
REG2025_0837,Dr Shirley Edwards,Microbiology,270,91,C4,A1,E8,C4,C5,B2,D7,E8,B2,A1,C6,Computer Science
REG2025_0838,Amber Anderson-Fletcher,Microbiology,201,44,B3,B3,D7,C5,C4,A1,A1,D7,E8,D7,C5,-
REG2025_0839,Joe Spencer-Nelson,Physics,171,56,C5,B2,E8,A1,D7,E8,A1,A1,B2,E8,A1,-
REG2025_0840,Dr Dawn Bull,Applied Physics,284,100,C5,C4,D7,B2,E8,C4,D7,E8,D7,C5,B2,Computer Science
REG2025_0841,Beth Webb,Plant Science and Biotechnology,268,65,B2,C6,A1,B2,B3,C5,D7,D7,B2,B2,C6,Industrial Chemistry
REG2025_0842,Yvonne Oliver,Physics,256,61,C4,A1,C5,B3,C5,F9,C6,A1,C6,E8,A1,Animal and Environmental Biology
REG2025_0843,Louis Gibson,Animal and Environmental Biology,246,85,C6,C4,C4,C6,B2,F9,C4,C4,C5,E8,B3,Computer Science
REG2025_0844,Mrs Jodie Evans,Plant Science and Biotechnology,252,37,C5,B2,D7,C6,C6,C5,B3,B3,E8,A1,B3,-
REG2025_0845,Eric Lee,Industrial Chemistry,215,32,B2,B2,B3,B2,B2,E8,B3,C6,D7,B3,F9,-
REG2025_0846,Rita Davies,Physics,193,79,B3,B3,F9,B3,B2,E8,A1,B2,E8,C6,A1,-
REG2025_0847,Valerie Lawson,Applied Physics,155,45,B3,C5,A1,B3,C6,F9,B3,C6,B2,C4,A1,-
REG2025_0848,Lynda Forster,Microbiology,181,53,C5,B3,B2,C6,C5,B2,D7,A1,C4,C4,C5,-
REG2025_0849,Cheryl Barker,Physics,220,72,C4,B3,C6,C5,E8,B2,B3,A1,F9,B3,E8,Physics
REG2025_0850,Derek O'Brien,Animal and Environmental Biology,165,57,B2,C5,D7,D7,C6,F9,C5,F9,B3,C5,B3,-
REG2025_0851,Leslie Stanley-Smith,Physics,282,64,B3,B2,D7,E8,C6,E8,E8,B3,C4,B2,F9,-
REG2025_0852,Joanna Morris,Microbiology,235,93,C4,C5,C4,B2,A1,B2,B2,C5,B3,C5,C4,Microbiology
REG2025_0853,Katie Robson,Computer Science,228,68,B2,C6,E8,C4,B3,A1,E8,B3,E8,B2,C5,Physics
REG2025_0854,Mr Michael Jones,Industrial Chemistry,164,74,B3,C5,C4,F9,C6,C4,B2,E8,B3,F9,F9,-
REG2025_0855,Alan Reeves,Industrial Chemistry,204,64,C6,C6,A1,B2,C4,C4,F9,C5,C4,E8,E8,Animal and Environmental Biology
REG2025_0856,Ian Nelson,Plant Science and Biotechnology,201,76,B3,B3,B2,C4,C5,E8,A1,B2,E8,B3,E8,Plant Science and Biotechnology
REG2025_0857,Mrs Geraldine White,Plant Science and Biotechnology,284,72,C6,C5,A1,C4,C6,C6,E8,E8,C5,E8,C6,Microbiology
REG2025_0858,Henry Hale,Biochemistry,168,48,B2,A1,D7,D7,B3,B3,C5,B3,C5,F9,B3,-
REG2025_0859,Claire Richards,Mathematics and Statistics,228,95,B3,C6,B3,A1,C4,C5,E8,D7,E8,B3,A1,Biochemistry
REG2025_0860,Dr Elizabeth Freeman,Biochemistry,168,95,B3,A1,C4,C5,D7,C5,E8,E8,D7,C6,E8,-
REG2025_0861,Natasha Green,Mathematics and Statistics,263,49,A1,A1,B2,F9,A1,E8,C5,C5,C5,A1,C4,-
REG2025_0862,Clifford Dickinson,Mathematics and Statistics,265,39,B3,C6,F9,C5,B2,C6,B2,E8,E8,F9,C5,-
REG2025_0863,Mr Clifford Shepherd,Industrial Chemistry,228,43,B2,B3,C4,C4,C4,D7,A1,A1,F9,F9,E8,-
REG2025_0864,Ms Clare Parkin,Computer Science,211,64,C6,C5,C6,B2,C6,C4,C6,E8,C6,C4,B3,Mathematics and Statistics
REG2025_0865,Mr Terry Williams,Physics,230,94,B2,B3,F9,E8,C4,D7,C5,A1,B2,B2,B2,-
REG2025_0866,Mrs Marilyn Burns,Computer Science,195,70,C5,A1,D7,B3,B3,D7,D7,C4,F9,D7,B3,-
REG2025_0867,Dr Jennifer Griffiths,Applied Physics,259,75,C4,C6,A1,C4,C4,C4,E8,D7,C6,D7,C4,Computer Science
REG2025_0868,Oliver Wilkinson,Plant Science and Biotechnology,252,52,C6,C6,C6,B3,F9,F9,B2,C6,B2,A1,C6,-
REG2025_0869,Mrs Joanna Cox,Mathematics and Statistics,156,72,C5,C5,C6,B3,D7,E8,C4,C4,C6,C6,A1,-
REG2025_0870,Max Wilson,Microbiology,154,88,C5,C6,B3,D7,F9,C4,D7,E8,B3,B2,C4,-
REG2025_0871,Lewis Jackson,Applied Physics,178,85,B3,B3,B2,C6,A1,A1,E8,C6,C6,E8,A1,-
REG2025_0872,Harry Ryan-Jones,Plant Science and Biotechnology,257,39,B3,C4,E8,B3,C5,F9,C6,B3,C4,F9,B2,-
REG2025_0873,Bradley Wong,Mathematics and Statistics,254,99,B2,C6,B2,C6,E8,B3,C6,C5,B2,C5,E8,Computer Science
REG2025_0874,Dr Hannah Carpenter,Mathematics and Statistics,152,55,C5,A1,F9,D7,C5,C5,C4,B3,B2,A1,C5,-
REG2025_0875,Nigel Smith,Computer Science,167,72,C6,B2,C6,D7,E8,B3,D7,A1,F9,B3,C4,-
REG2025_0876,Brenda Henderson,Applied Physics,235,47,B2,B2,B2,B3,C4,A1,C6,F9,B3,B2,C6,-
REG2025_0877,Luke Ward-Taylor,Industrial Chemistry,193,44,A1,B3,B3,B2,D7,E8,F9,B3,D7,C5,E8,-
REG2025_0878,Jennifer Davies,Plant Science and Biotechnology,207,71,C4,A1,D7,B3,D7,A1,B2,B2,B2,D7,B3,Mathematics and Statistics
REG2025_0879,Mohammad Martin,Applied Physics,240,31,B2,C5,C5,C4,C6,B2,C6,C5,C4,B3,E8,-
REG2025_0880,Francis Robinson,Animal and Environmental Biology,211,87,C6,C6,C4,E8,F9,A1,C5,C4,B3,B2,D7,Industrial Chemistry
REG2025_0881,Jordan Nicholson,Plant Science and Biotechnology,282,70,B2,B3,C4,D7,C4,F9,D7,B3,D7,B3,E8,Microbiology
REG2025_0882,Patrick Morgan,Physics,251,61,C6,C6,C5,C5,C4,B2,F9,D7,E8,A1,B2,Animal and Environmental Biology
REG2025_0883,Megan Morris,Microbiology,190,38,A1,A1,D7,F9,B3,B2,A1,C4,B3,A1,B3,-
REG2025_0884,Sam Williams,Biochemistry,231,60,A1,C6,D7,E8,A1,C5,C4,E8,A1,F9,C5,Animal and Environmental Biology
REG2025_0885,Jayne Thomas,Industrial Chemistry,234,41,B2,C4,E8,C4,C4,E8,E8,D7,E8,D7,E8,-
REG2025_0886,Samuel Cook,Computer Science,224,53,B2,C6,B2,B2,B2,B2,C5,B3,C6,D7,C5,-
REG2025_0887,Jeremy Lowe,Industrial Chemistry,201,69,B2,B3,C6,B2,C5,D7,E8,C5,C4,B2,C4,Plant Science and Biotechnology
REG2025_0888,Dr Stuart Farrell,Mathematics and Statistics,178,52,C5,C4,B2,B2,F9,C5,E8,C6,C4,E8,B3,-
REG2025_0889,Natalie Bird,Physics,166,70,C5,C5,F9,B2,C5,C4,B3,B2,D7,B2,B3,-
REG2025_0890,Dr Albert Webster,Biochemistry,165,41,A1,C5,A1,C5,E8,A1,B2,E8,B3,B3,C4,-
REG2025_0891,Sylvia Lowe-Norton,Plant Science and Biotechnology,223,48,C4,C4,C4,E8,D7,C4,A1,D7,A1,D7,E8,-
REG2025_0892,Barbara Hancock-Clark,Computer Science,154,61,B2,C6,A1,B2,F9,F9,C5,F9,E8,B3,C4,-
REG2025_0893,Dr Kate Wallace,Industrial Chemistry,279,100,C4,B3,C5,C6,C4,B3,A1,C4,D7,C4,C4,Computer Science
REG2025_0894,Mr Elliot Godfrey,Microbiology,172,57,B2,A1,A1,C5,E8,E8,A1,A1,D7,B3,F9,-
REG2025_0895,Charlie Briggs,Mathematics and Statistics,176,74,C4,C6,E8,C4,A1,C4,A1,E8,C5,C6,F9,-
REG2025_0896,Mr Timothy Johnson,Computer Science,278,45,C4,C6,C6,B3,C6,C6,D7,C5,A1,C4,B2,-
REG2025_0897,Ross Pickering,Applied Physics,289,41,C5,B3,A1,A1,E8,C5,F9,A1,F9,E8,E8,-
REG2025_0898,Clifford Pickering,Computer Science,281,79,B3,C5,C6,F9,D7,D7,A1,A1,B2,B3,A1,-
REG2025_0899,Miss Vanessa Saunders,Microbiology,156,81,C5,C6,D7,C4,C5,B3,C4,C4,C5,C5,E8,-
REG2025_0900,Justin Lyons,Plant Science and Biotechnology,232,36,C4,A1,D7,B2,F9,A1,D7,E8,C5,D7,C4,-
REG2025_0901,Declan Hayward,Computer Science,216,34,C5,B3,C6,B3,C4,C4,E8,B3,A1,A1,E8,-
REG2025_0902,Mr Ben Lord,Computer Science,233,61,C5,C6,C6,C6,E8,C4,A1,B2,A1,A1,C5,Animal and Environmental Biology
REG2025_0903,Natasha Atkins,Animal and Environmental Biology,242,31,C6,B2,F9,A1,C4,D7,C4,C5,C4,B2,C5,-
REG2025_0904,Dr Stacey Miller,Applied Physics,169,87,A1,B2,E8,A1,C5,D7,D7,A1,A1,A1,A1,-
REG2025_0905,Amy Davies,Plant Science and Biotechnology,188,40,C5,C4,C6,F9,C4,F9,B2,C5,C4,C6,C6,-
REG2025_0906,Tom Roberts,Industrial Chemistry,246,59,C4,C5,F9,B2,B3,F9,C5,C6,F9,D7,B2,-
REG2025_0907,Graham Patel,Biochemistry,193,81,A1,B2,F9,C6,C4,C5,A1,A1,B2,E8,C5,-
REG2025_0908,Dr Jack Walker,Computer Science,190,54,B2,B2,E8,C5,C6,C4,C4,C4,F9,F9,B3,-
REG2025_0909,Ms Rosemary Storey,Microbiology,245,93,A1,C4,C4,A1,D7,C4,A1,B3,C5,D7,B2,Computer Science
REG2025_0910,Jodie Brown-Hyde,Animal and Environmental Biology,166,37,B3,C6,D7,D7,C4,B2,A1,C6,B2,F9,C4,-
REG2025_0911,Jean Bond,Applied Physics,151,69,B2,B2,A1,D7,C6,C5,B3,C4,F9,A1,C6,-
REG2025_0912,Yvonne Martin,Microbiology,159,81,A1,A1,B2,E8,C6,B2,C4,F9,B2,C6,C5,-
REG2025_0913,Ms Clare Bird,Computer Science,153,94,C5,B3,B2,C5,B2,B3,E8,C4,C6,F9,C6,-
REG2025_0914,Dr Richard John,Microbiology,191,99,C5,B3,B2,C5,A1,D7,B3,C6,C6,F9,B3,-
REG2025_0915,Victoria O'Brien,Physics,290,46,C6,C6,C6,A1,B2,D7,C4,F9,B2,E8,C6,-
REG2025_0916,Duncan O'Donnell,Biochemistry,226,68,A1,B2,D7,C6,D7,C5,C5,E8,E8,C6,B2,Physics
REG2025_0917,Ms Maria O'Connor,Animal and Environmental Biology,279,80,C6,C6,A1,A1,A1,B2,B3,C6,C6,D7,B3,Computer Science
REG2025_0918,Harriet Murray-Kelly,Computer Science,213,95,C5,B2,C4,F9,A1,A1,A1,F9,A1,B2,C4,Industrial Chemistry
REG2025_0919,Frederick Burton,Physics,276,48,B2,B2,B2,C5,C6,B3,C6,D7,B2,C4,C4,-
REG2025_0920,Dr Michael Morrison,Plant Science and Biotechnology,176,98,B2,B2,C4,F9,B2,F9,C5,C6,A1,C6,A1,-
REG2025_0921,Samuel Davies,Applied Physics,222,90,A1,C4,F9,A1,F9,A1,C5,B3,C6,D7,D7,Physics
REG2025_0922,Mrs Diane Hudson,Plant Science and Biotechnology,272,89,C6,A1,C5,F9,F9,D7,D7,C5,F9,C4,E8,-
REG2025_0923,Mrs Alexandra Glover,Computer Science,239,90,C5,A1,E8,D7,D7,D7,C5,E8,D7,D7,C5,-
REG2025_0924,Jake Smith,Animal and Environmental Biology,254,35,C6,A1,C6,B3,A1,D7,B3,C5,E8,B3,C5,-
REG2025_0925,Matthew Hutchinson,Physics,281,79,A1,C4,C6,F9,A1,E8,A1,E8,F9,F9,F9,Computer Science
REG2025_0926,Thomas Williams,Mathematics and Statistics,246,56,B3,C6,C4,F9,B2,C5,C5,A1,E8,D7,B2,-
REG2025_0927,Marion Wheeler,Physics,160,86,C6,A1,C5,A1,F9,C4,B2,B2,B3,D7,F9,-
REG2025_0928,Jay Ellis,Animal and Environmental Biology,216,88,A1,A1,B3,A1,F9,B3,D7,C6,A1,C6,E8,Applied Physics
REG2025_0929,Miss Sandra Hughes,Industrial Chemistry,211,92,B3,B3,B3,B2,A1,D7,B2,D7,D7,E8,F9,Industrial Chemistry
REG2025_0930,Chloe Watson,Microbiology,179,40,B2,B2,B2,E8,D7,F9,C5,C5,B3,D7,A1,-
REG2025_0931,Liam French,Physics,192,53,B2,B3,C6,C4,F9,B3,D7,F9,A1,D7,C6,-
REG2025_0932,Dr Josh Jones,Mathematics and Statistics,263,85,C6,C6,C5,C4,C5,D7,E8,E8,C4,E8,D7,Computer Science
REG2025_0933,Mrs Bethany Brown,Applied Physics,237,39,C6,B3,B3,F9,A1,C6,C5,F9,E8,A1,B2,-
REG2025_0934,Edward Smith-Evans,Plant Science and Biotechnology,159,63,B3,C4,C5,E8,C5,C5,B3,D7,B2,F9,C6,-
REG2025_0935,Rosemary O'Connor,Physics,273,74,C6,C5,B2,A1,C5,E8,C4,B2,C4,F9,F9,Microbiology
REG2025_0936,Russell Bennett,Applied Physics,293,71,B3,C6,E8,D7,D7,F9,C5,F9,A1,C5,B3,-
REG2025_0937,Dr Lynn Knowles,Industrial Chemistry,153,40,C5,C5,D7,A1,C6,B2,C5,C5,E8,C6,D7,-
REG2025_0938,Beverley Williams,Biochemistry,202,84,A1,A1,C4,B2,C6,F9,D7,B3,B2,B2,C5,Plant Science and Biotechnology
REG2025_0939,Sian Booth,Animal and Environmental Biology,214,54,B3,C4,A1,F9,B3,C4,B3,E8,B3,E8,B2,-
REG2025_0940,Joel Hughes-Webster,Industrial Chemistry,260,58,B2,C6,A1,B2,C4,C6,E8,D7,B3,D7,B3,-
REG2025_0941,Pamela Morris,Animal and Environmental Biology,198,95,C5,B2,F9,E8,B3,C6,C5,A1,C6,A1,D7,-
REG2025_0942,Jodie Smith,Physics,181,46,C4,C6,C5,B2,A1,C4,F9,B2,B3,A1,E8,-
REG2025_0943,Barry Parsons,Applied Physics,176,36,C4,C5,A1,D7,C5,A1,E8,B3,A1,B2,C4,-
REG2025_0944,Connor Ali,Mathematics and Statistics,203,34,C5,B3,D7,F9,B2,C5,A1,E8,D7,B3,D7,-
REG2025_0945,Leslie Thomson,Industrial Chemistry,231,50,A1,C5,D7,C6,B3,C4,A1,C5,C4,B2,B3,-
REG2025_0946,Stuart Green,Physics,275,47,C6,B2,C5,B2,D7,B2,F9,B3,C4,B3,F9,-
REG2025_0947,Damian Smith,Microbiology,265,89,A1,C6,B2,B2,C6,A1,A1,A1,C5,C6,B2,Computer Science
REG2025_0948,Rhys Rees,Mathematics and Statistics,227,50,A1,B2,F9,B3,F9,C4,C6,C6,A1,C4,C6,-
REG2025_0949,Bryan Holmes,Microbiology,220,95,B2,B3,E8,D7,C4,D7,C4,C4,B3,C4,C4,-
REG2025_0950,Mrs Clare Smith,Microbiology,154,93,C4,C6,A1,C5,E8,B2,C5,C4,A1,B2,D7,-
REG2025_0951,Miss Olivia Harris,Plant Science and Biotechnology,287,30,B3,C6,C5,F9,B3,C5,B2,D7,C4,D7,E8,-
REG2025_0952,Bethan Edwards-Wall,Applied Physics,250,46,B3,B3,C6,C6,A1,C5,C4,C6,B3,B3,A1,-
REG2025_0953,Dr Eileen Marsh,Plant Science and Biotechnology,162,63,C6,B3,C4,F9,C5,D7,A1,C6,E8,A1,C6,-
REG2025_0954,Bernard Davies,Industrial Chemistry,160,61,B3,B3,B2,D7,C4,B2,B3,E8,D7,F9,E8,-
REG2025_0955,Mrs Sophie Hughes,Industrial Chemistry,264,67,B3,C4,E8,F9,A1,C4,C5,B2,F9,D7,F9,Applied Physics
REG2025_0956,Miss Sophie Short,Plant Science and Biotechnology,199,40,C6,C4,B3,C6,C6,E8,E8,D7,C6,F9,C5,-
REG2025_0957,Adrian Stephenson,Computer Science,197,50,A1,C6,C5,B2,D7,C5,E8,B3,C4,D7,C4,-
REG2025_0958,Jonathan Brown,Industrial Chemistry,272,41,C6,C6,C4,B3,C5,F9,C4,D7,A1,A1,E8,-
REG2025_0959,Jessica Scott-Payne,Plant Science and Biotechnology,262,64,A1,B2,C6,B3,E8,C5,D7,C4,C4,C6,F9,Mathematics and Statistics
REG2025_0960,Anne Green,Biochemistry,176,57,C4,C4,C6,C4,B2,A1,A1,C5,B2,D7,E8,-
REG2025_0961,Mr Frederick Bennett,Computer Science,245,37,B3,C4,D7,F9,C5,A1,C5,C4,A1,B2,C5,-
REG2025_0962,Edward O'Connor,Industrial Chemistry,195,81,C4,C5,A1,B3,C4,B3,C6,A1,C6,B2,C5,-
REG2025_0963,Mr Mohamed Holden,Plant Science and Biotechnology,193,61,B2,B3,D7,B3,E8,A1,C5,A1,C5,C5,C5,-
REG2025_0964,Denis Roberts-Buckley,Computer Science,206,53,C6,C5,A1,B3,A1,E8,B3,D7,C5,F9,C4,-
REG2025_0965,Lisa Kaur,Mathematics and Statistics,173,50,B2,B2,B3,C6,A1,A1,E8,C4,B2,A1,F9,-
REG2025_0966,Sian White-Cook,Animal and Environmental Biology,209,35,C5,A1,F9,C5,C5,B3,F9,B3,A1,C5,D7,-
REG2025_0967,Wayne Bibi,Applied Physics,152,74,B3,B3,F9,C5,D7,B2,B3,E8,C4,C5,C5,-
REG2025_0968,Alexander Watts,Physics,256,79,C5,C4,C6,F9,A1,B2,B3,C5,A1,C5,C6,Computer Science
REG2025_0969,Neil Mitchell-Wilson,Biochemistry,290,35,B3,B2,B3,C6,E8,E8,B2,C5,A1,D7,C6,-
REG2025_0970,Christian Jones,Microbiology,255,45,C6,C4,F9,E8,A1,C4,E8,C4,C6,C4,F9,-
REG2025_0971,Carol Harris,Applied Physics,294,44,B2,C6,D7,C6,B2,C6,F9,E8,D7,B2,F9,-
REG2025_0972,Bethan Burke,Physics,300,53,B3,B2,C6,D7,D7,B2,C6,D7,B2,A1,D7,-
REG2025_0973,Megan Clarke,Physics,155,76,C4,B3,C6,F9,E8,C4,B2,C6,E8,A1,C4,-
REG2025_0974,Alice Moore,Microbiology,156,87,A1,B2,D7,D7,C5,E8,E8,F9,C5,F9,F9,-
REG2025_0975,Dr Dylan Glover,Animal and Environmental Biology,253,59,B3,C4,B2,C6,D7,B3,F9,B3,F9,B2,D7,-
REG2025_0976,Margaret Ferguson,Industrial Chemistry,163,98,C4,B2,B3,F9,A1,C6,B3,C6,B3,C5,B2,-
REG2025_0977,Mathew Vaughan,Animal and Environmental Biology,160,30,C6,B2,C6,A1,D7,C6,A1,C4,C6,F9,A1,-
REG2025_0978,Hilary Burke,Applied Physics,190,62,B3,B3,A1,C5,E8,C6,F9,E8,B3,C5,C6,-
REG2025_0979,Mr Declan Davies,Plant Science and Biotechnology,246,53,C4,C4,A1,C4,D7,C5,B2,C5,E8,D7,C6,-
REG2025_0980,Maureen Moore,Computer Science,250,88,B3,C6,C4,C5,B3,E8,F9,B2,C6,A1,C5,Computer Science
REG2025_0981,Deborah Gallagher,Industrial Chemistry,152,78,A1,C5,E8,E8,C6,E8,D7,C5,B3,E8,D7,-
REG2025_0982,Suzanne Hartley,Plant Science and Biotechnology,214,31,C5,C4,C6,F9,D7,C6,B2,D7,C6,B2,A1,-
REG2025_0983,Mr Gavin Kay,Industrial Chemistry,261,30,C6,C6,C4,C4,C4,C6,D7,D7,B3,D7,D7,-
REG2025_0984,Dr Diana Williamson,Plant Science and Biotechnology,194,58,C5,B3,F9,C5,C5,A1,C6,B3,E8,D7,F9,-
REG2025_0985,Graeme Wilson,Biochemistry,238,32,B2,B2,C5,D7,A1,A1,B2,C6,D7,A1,D7,-
REG2025_0986,Mr Charlie Macdonald,Industrial Chemistry,265,30,C4,B2,C6,A1,C5,C5,A1,A1,A1,B3,A1,-
REG2025_0987,Mrs Kate Booth,Computer Science,295,84,A1,C5,A1,C6,D7,C4,A1,B2,A1,C6,B2,Computer Science
REG2025_0988,Simon Smith,Physics,187,70,B3,C5,D7,B3,B3,B2,C5,F9,A1,A1,C6,-
REG2025_0989,Dr Annette Marsh,Computer Science,183,58,C4,C5,E8,A1,C6,C6,A1,C5,B3,A1,E8,-
REG2025_0990,Danny Morris,Applied Physics,262,84,C4,A1,F9,F9,B3,C5,A1,B2,D7,D7,C4,Computer Science
REG2025_0991,Ricky Goodwin,Microbiology,178,81,C4,C5,C6,D7,B2,B2,C5,F9,B3,A1,B2,-
REG2025_0992,Scott Kemp,Applied Physics,241,41,C4,B3,C5,B2,C5,D7,A1,F9,B3,C6,C4,-
REG2025_0993,Sam Jones,Physics,282,79,B2,C6,C6,B3,B2,F9,D7,C5,C6,C5,C5,Computer Science
REG2025_0994,Ashleigh Richardson,Computer Science,170,71,A1,C5,D7,B2,E8,B3,D7,C5,B3,D7,F9,-
REG2025_0995,Ms Kirsty Fowler,Microbiology,299,84,B3,B2,D7,B2,D7,C5,C6,A1,E8,E8,E8,Computer Science
REG2025_0996,Harry Cooke,Industrial Chemistry,167,32,A1,B3,C5,E8,B3,B2,C6,C4,C6,C6,C5,-
REG2025_0997,Jeremy Cooke,Physics,292,39,B3,C6,E8,C6,B3,E8,C4,A1,F9,C6,B2,-
REG2025_0998,Mr Gregory Page,Microbiology,221,61,C5,A1,C5,D7,E8,F9,A1,F9,E8,C6,C5,-
REG2025_0999,Eleanor Perkins,Animal and Environmental Biology,193,96,B2,B3,C4,F9,C5,B2,D7,B2,B3,C4,B3,-
REG2025_1000,Megan James,Computer Science,269,85,B2,C6,C4,B2,D7,C5,E8,B3,C4,F9,F9,Computer Science
